,lane_ID,id,parent_id,time_sec,length_um,gfp_nb
0,20190515.0.10,102,94,48960,2.405,19843.56156618
1,20190515.0.10,102,94,49140,2.4342500000000005,16931.512610100002
2,20190515.0.10,102,94,49320,2.48495,18885.90299112
3,20190515.0.10,102,94,49500,2.54475,21391.62070518
4,20190515.0.10,102,94,49680,2.6091,20897.842329540003
5,20190515.0.10,102,94,49860,2.7391,20626.39964088
6,20190515.0.10,102,94,50040,2.7482,20994.95912382
7,20190515.0.10,102,94,50220,2.86975,21022.27581564
8,20190515.0.10,102,94,50400,2.93475,20762.7348951
9,20190515.0.10,102,94,50580,3.055,23960.6923644
10,20190515.0.10,102,94,50760,3.25,24616.65902256
11,20190515.0.10,102,94,50940,3.26495,22266.273678660003
12,20190515.0.10,102,94,51120,3.57955,25683.91611786
13,20190515.0.10,102,94,51300,3.64975,24983.2175571
14,20190515.0.10,102,94,51480,3.84215,26901.270560340003
15,20190515.0.10,102,94,51660,4.0365,28547.39150406
16,20190515.0.10,102,94,51840,4.1080000000000005,27890.66320524
17,20190515.0.10,102,94,52020,4.29455,29601.83389482
18,20190515.0.10,102,94,52200,4.4291,30247.86329136
19,20190515.0.10,103,94,48960,2.0423,18929.8982169
20,20190515.0.10,103,94,49140,2.1021,18270.98744526
21,20190515.0.10,103,94,49320,2.1833500000000003,18045.47131002
22,20190515.0.10,103,94,49500,2.28995,20901.30656922
23,20190515.0.10,103,94,49680,2.30555,19544.8440726
24,20190515.0.10,103,94,49860,2.34,19169.213201820003
25,20190515.0.10,103,94,50040,2.4843,20650.26493332
26,20190515.0.10,103,94,50220,2.60325,21013.85250756
27,20190515.0.10,103,94,50400,2.6227500000000004,20497.5494955
28,20190515.0.10,103,94,50580,2.7417,23258.485465380003
29,20190515.0.10,103,94,50760,2.82165,23660.83215342
30,20190515.0.10,103,94,50940,3.0056000000000003,22508.48937546
31,20190515.0.10,103,94,51120,3.19475,25464.92574582
32,20190515.0.10,103,94,51300,3.19865,25178.48354538
33,20190515.0.10,103,94,51480,3.2695,26341.394985180003
34,20190515.0.10,103,94,51660,3.45735,28921.1449329
35,20190515.0.10,103,94,51840,3.59385,29757.01711752
36,20190515.0.10,104,95,49140,1.9773000000000005,14999.06184282
37,20190515.0.10,104,95,49320,2.08,16212.98058336
38,20190515.0.10,104,95,49500,2.1762,18139.13716032
39,20190515.0.10,104,95,49680,2.23405,17830.37227752
40,20190515.0.10,104,95,49860,2.275,17722.93778442
41,20190515.0.10,104,95,50040,2.405,20219.98371426
42,20190515.0.10,104,95,50220,2.4791000000000003,20275.4907333
43,20190515.0.10,104,95,50400,2.665,21164.3687079
44,20190515.0.10,104,95,50580,2.8626,24191.18612262
45,20190515.0.10,104,95,50760,2.99,25099.7313402
46,20190515.0.10,104,95,50940,3.1278,25012.93770954
47,20190515.0.10,104,95,51120,3.2630000000000003,28449.65482722
48,20190515.0.10,104,95,51300,3.3306000000000004,28406.957746860004
49,20190515.0.10,104,95,51480,3.45345,30301.40661966
50,20190515.0.10,104,95,51660,3.59385,34312.41959508
51,20190515.0.10,104,95,51840,3.66405,33704.774112240004
52,20190515.0.10,104,95,52020,3.79275,35308.622145060006
53,20190515.0.10,106,103,52020,1.98315,16206.238782360002
54,20190515.0.10,106,103,52200,1.9916,16590.51648342
55,20190515.0.10,106,103,52380,2.10405,18780.1100586
56,20190515.0.10,106,103,52560,2.1762,19736.74177002
57,20190515.0.10,106,103,52740,2.28995,19695.41093718
58,20190515.0.10,106,103,52920,2.3517,19129.82648148
59,20190515.0.10,106,103,53100,2.41215,19988.7694677
60,20190515.0.10,106,103,53280,2.4882,19736.05338342
61,20190515.0.10,106,103,53460,2.6,21247.5542004
62,20190515.0.10,106,103,53640,2.73,22991.983938
63,20190515.0.10,106,103,53820,2.795,25095.76654662
64,20190515.0.10,106,103,54000,2.8600000000000003,25004.59971966
65,20190515.0.10,106,103,54180,3.0719,26440.12637442
66,20190515.0.10,106,103,54360,3.25,26953.672278060003
67,20190515.0.10,106,103,54540,3.3904,27657.424887840003
68,20190515.0.10,106,103,54720,3.59255,26985.86736516
69,20190515.0.10,106,103,54900,3.72125,29865.6180999
70,20190515.0.10,106,103,55080,3.91365,32360.951242620005
71,20190515.0.10,110,102,52380,2.3458500000000004,16049.3997312
72,20190515.0.10,110,102,52560,2.42385,17183.22019128
73,20190515.0.10,110,102,52740,2.54735,17483.289783300002
74,20190515.0.10,110,102,52920,2.55775,16527.54233394
75,20190515.0.10,110,102,53100,2.73,17042.65125552
76,20190515.0.10,110,102,53280,2.795,16696.896503760003
77,20190515.0.10,110,102,53460,2.8600000000000003,16880.09099634
78,20190515.0.10,110,102,53640,3.055,19011.13261146
79,20190515.0.10,110,102,53820,3.25,20923.91712774
80,20190515.0.10,110,102,54000,3.38,20519.93723472
81,20190515.0.10,110,102,54180,3.39495,21879.39363588
82,20190515.0.10,110,102,54360,3.523,21724.4722464
83,20190515.0.10,110,102,54540,3.71215,23832.65644848
84,20190515.0.10,110,102,54720,3.90325,22611.466379700003
85,20190515.0.10,110,102,54900,4.03455,25955.1854694
86,20190515.0.10,111,102,52380,2.1736,17549.99659908
87,20190515.0.10,111,102,52560,2.314,18050.48892702
88,20190515.0.10,111,102,52740,2.4251500000000004,17679.29890914
89,20190515.0.10,111,102,52920,2.55775,17000.65024614
90,20190515.0.10,111,102,53100,2.6221,17414.420237280003
91,20190515.0.10,111,102,53280,2.6942500000000003,17319.27494682
92,20190515.0.10,111,102,53460,2.8717,18271.03135572
93,20190515.0.10,111,102,53640,2.9393,20521.783562940003
94,20190515.0.10,111,102,53820,3.0108,23237.516243700004
95,20190515.0.10,111,102,54000,3.1954,24143.49527832
96,20190515.0.10,111,102,54180,3.2695,27371.5463043
97,20190515.0.10,111,102,54360,3.38845,28806.559099560003
98,20190515.0.10,111,102,54540,3.58605,31880.01315906
99,20190515.0.10,111,102,54720,3.7154,32385.27475656
100,20190515.0.10,111,102,54900,3.8428,37664.78928894
101,20190515.0.10,112,110,55080,2.145,12966.74628678
102,20190515.0.10,112,110,55260,2.275,13666.25012346
103,20190515.0.10,112,110,55440,2.275,14638.052781000002
104,20190515.0.10,112,110,55620,2.3621000000000003,14946.678125280005
105,20190515.0.10,112,110,55800,2.4342500000000005,16280.270816040002
106,20190515.0.10,112,110,55980,2.55255,16573.87632582
107,20190515.0.10,112,110,56160,2.5649,17249.165851499998
108,20190515.0.10,112,110,56340,2.7475500000000004,16960.039569
109,20190515.0.10,112,110,56520,2.8756000000000004,17482.286943000003
110,20190515.0.10,112,110,56700,2.9419,17683.77469518
111,20190515.0.10,112,110,56880,3.1291,18279.44263728
112,20190515.0.10,112,110,57060,3.1954,18770.00305752
113,20190515.0.10,112,110,57240,3.2656,20147.49902286
114,20190515.0.10,112,110,57420,3.45345,20795.32577826
115,20190515.0.10,112,110,57600,3.4645,22969.4756445
116,20190515.0.10,112,110,57780,3.6517,24534.20520738
117,20190515.0.10,113,110,55080,1.898,13448.57525748
118,20190515.0.10,113,110,55260,2.0748,14707.745630820002
119,20190515.0.10,113,110,55440,2.1235500000000003,15928.72590474
120,20190515.0.10,113,110,55620,2.2334,16900.12806768
121,20190515.0.10,113,110,55800,2.26005,17246.034752760002
122,20190515.0.10,113,110,55980,2.4349000000000003,18234.9780822
123,20190515.0.10,113,110,56160,2.5038000000000005,19894.4280513
124,20190515.0.10,113,110,56340,2.61885,20168.52439338
125,20190515.0.10,113,110,56520,2.665,20015.8003782
126,20190515.0.10,113,110,56700,2.8197,21213.87032952
127,20190515.0.10,113,110,56880,2.94775,21667.94002098
128,20190515.0.10,113,110,57060,3.0173,21871.1420532
129,20190515.0.10,113,110,57240,3.0894500000000003,23213.84983236
130,20190515.0.10,113,110,57420,3.20645,23967.47226852
131,20190515.0.10,113,110,57600,3.2773000000000003,26320.77348318
132,20190515.0.10,113,110,57780,3.38,27224.6295618
133,20190515.0.10,113,110,57960,3.51,27156.965132880003
134,20190515.0.10,113,110,58140,3.722550000000001,29416.37719482
135,20190515.0.10,113,110,58320,3.9065,29976.800437980004
136,20190515.0.10,113,110,58500,4.11385,32138.25452838
137,20190515.0.10,114,111,55080,2.015,20138.80384494
138,20190515.0.10,114,111,55260,2.0449,21804.31213686
139,20190515.0.10,114,111,55440,2.1008,24045.69834414
140,20190515.0.10,114,111,55620,2.1092500000000003,25617.117008340003
141,20190515.0.10,114,111,55800,2.08,27364.4526474
142,20190515.0.10,114,111,55980,2.08,28378.28014758
143,20190515.0.10,114,111,56160,2.1125000000000003,31874.813734500003
144,20190515.0.10,114,111,56340,2.145,31996.85938218
145,20190515.0.10,114,111,56520,2.23535,33105.73024044
146,20190515.0.10,114,111,56700,2.36145,35088.98540598
147,20190515.0.10,114,111,56880,2.37055,35040.6409221
148,20190515.0.10,114,111,57060,2.4901500000000003,36036.53772444
149,20190515.0.10,114,111,57240,2.4973,37877.14829646
150,20190515.0.10,114,111,57420,2.55255,37054.51709454
151,20190515.0.10,114,111,57600,2.5649,38383.86852630001
152,20190515.0.10,114,111,57780,2.6819,39734.1509004
153,20190515.0.10,114,111,57960,2.69165,39035.254834620006
154,20190515.0.10,114,111,58140,2.8067,41522.45110596
155,20190515.0.10,114,111,58320,2.81905,43671.6156987
156,20190515.0.10,114,111,58500,2.8639,44512.7693175
157,20190515.0.10,114,111,58680,3.055,46163.47625604
158,20190515.0.10,114,111,58860,3.25,48536.41439394
159,20190515.0.10,114,111,59040,3.38,50987.3905233
160,20190515.0.10,114,111,59220,3.5152,54016.44285708
161,20190515.0.10,118,112,57960,1.885,11621.60803188
162,20190515.0.10,118,112,58140,1.95,12161.9549007
163,20190515.0.10,118,112,58320,2.0839000000000003,13297.61550942
164,20190515.0.10,118,112,58500,2.1008,14343.33276486
165,20190515.0.10,118,112,58680,2.21,14632.08906654
166,20190515.0.10,118,112,58860,2.275,15555.49454448
167,20190515.0.10,118,112,59040,2.34,16114.425509160004
168,20190515.0.10,118,112,59220,2.405,16997.70021246
169,20190515.0.10,118,112,59400,2.48625,17616.77394246
170,20190515.0.10,118,112,59580,2.5584,19006.36829586
171,20190515.0.10,118,112,59760,2.61885,19661.59487358
172,20190515.0.10,118,112,59940,2.6767,21182.10896142
173,20190515.0.10,118,112,60120,2.73715,21262.06713312
174,20190515.0.10,118,112,60300,2.7482,22018.02283692
175,20190515.0.10,118,112,60480,2.9315,22992.975169560003
176,20190515.0.10,118,112,60660,3.00105,22611.8173248
177,20190515.0.10,118,112,60840,3.0654,23968.63039626
178,20190515.0.10,118,112,61020,3.1304,25010.6538132
179,20190515.0.10,118,112,61200,3.1993,26223.38918298
180,20190515.0.10,118,112,61380,3.3176,26221.0243779
181,20190515.0.10,118,112,61560,3.44695,27386.42810904
182,20190515.0.10,118,112,61740,3.5152,28721.09052054
183,20190515.0.10,118,112,61920,3.64,30079.02016944
184,20190515.0.10,118,112,62100,3.9,30824.6260509
185,20190515.0.10,118,112,62280,4.03455,33093.47151594
186,20190515.0.10,119,112,57960,1.7914,12984.59872116
187,20190515.0.10,119,112,58140,1.82,13551.6441555
188,20190515.0.10,119,112,58320,1.95845,13086.269010540002
189,20190515.0.10,119,112,58500,2.04555,13755.9532374
190,20190515.0.10,119,112,58680,2.05595,14067.1623906
191,20190515.0.10,119,112,58860,2.1684,15204.85704738
192,20190515.0.10,119,112,59040,2.1762,15790.01761458
193,20190515.0.10,119,112,59220,2.3114000000000003,16646.52622644
194,20190515.0.10,119,112,59400,2.366,16793.594385480003
195,20190515.0.10,119,112,59580,2.4342500000000005,17938.39910148
196,20190515.0.10,119,112,59760,2.4947000000000004,18258.9499323
197,20190515.0.10,119,112,59940,2.56165,19850.65753176
198,20190515.0.10,119,112,60120,2.61235,19943.86764744
199,20190515.0.10,119,112,60300,2.7456,21282.28814844
200,20190515.0.10,119,112,60480,2.87625,22621.947384960004
201,20190515.0.10,119,112,60660,2.9250000000000003,22699.06533576
202,20190515.0.10,119,112,60840,3.055,24419.67916212
203,20190515.0.10,119,112,61020,3.12,25702.97221404
204,20190515.0.10,119,112,61200,3.25,27392.52674862
205,20190515.0.10,119,112,61380,3.3215000000000003,27694.11908736
206,20190515.0.10,119,112,61560,3.51,28797.50883636
207,20190515.0.10,120,113,58680,2.03645,16275.46082184
208,20190515.0.10,120,113,58860,2.1788000000000003,17020.10450448
209,20190515.0.10,120,113,59040,2.18465,16929.46386648
210,20190515.0.10,120,113,59220,2.24445,16978.00383378
211,20190515.0.10,120,113,59400,2.314,17015.06264238
212,20190515.0.10,120,113,59580,2.37705,17984.69384382
213,20190515.0.10,120,113,59760,2.4323,18218.231212500003
214,20190515.0.10,120,113,59940,2.55385,19751.24208816
215,20190515.0.10,120,113,60120,2.6364,19504.51047072
216,20190515.0.10,120,113,60300,2.8145,20695.80805578
217,20190515.0.10,120,113,60480,2.9601,21756.85841934
218,20190515.0.10,120,113,60660,3.1395,22304.52618174
219,20190515.0.10,120,113,60840,3.1408,23117.82743952
220,20190515.0.10,120,113,61020,3.32995,24964.96444002
221,20190515.0.10,120,113,61200,3.5282,27781.73753256
222,20190515.0.10,120,113,61380,3.66405,29309.1733539
223,20190515.0.10,120,113,61560,3.83565,31752.345337020004
224,20190515.0.10,120,113,61740,3.9,34050.23951274
225,20190515.0.10,120,113,61920,4.03,36315.98280882
226,20190515.0.10,124,119,61740,1.70365,14209.01167554
227,20190515.0.10,124,119,61920,1.6692,14448.483213120002
228,20190515.0.10,124,119,62100,1.7901,14743.030579200002
229,20190515.0.10,124,119,62280,1.8421,15622.97730048
230,20190515.0.10,124,119,62460,1.91685,15887.71037304
231,20190515.0.10,124,119,62640,1.9734,16635.47652162
232,20190515.0.10,124,119,62820,2.10665,17480.827306799998
233,20190515.0.10,124,119,63000,2.1677500000000003,17372.93186574
234,20190515.0.10,124,119,63180,2.17555,18324.1750527
235,20190515.0.10,124,119,63360,2.21,19595.4600501
236,20190515.0.10,124,119,63540,2.34,20496.02904756
237,20190515.0.10,124,119,63720,2.4323,20314.13831172
238,20190515.0.10,124,119,63900,2.4992500000000004,21227.994657540003
239,20190515.0.10,124,119,64080,2.67735,21934.03084884
240,20190515.0.10,124,119,64260,2.7586,22252.24275714
241,20190515.0.10,124,119,64440,2.88275,22912.42997736
242,20190515.0.10,124,119,64620,3.0101500000000003,23464.53645822
243,20190515.0.10,124,119,64800,3.0745,23774.131953
244,20190515.0.10,124,119,64980,3.19995,25182.24816492
245,20190515.0.10,124,119,65160,3.32735,26478.35257914
246,20190515.0.10,124,119,65340,3.46125,27274.50475398
247,20190515.0.10,124,119,65520,3.575,29511.6635286
248,20190515.0.10,124,119,65700,3.8415,30142.9829943
249,20190515.0.10,130,118,62460,2.2204,17289.15833106
250,20190515.0.10,130,118,62640,2.275,17658.763749
251,20190515.0.10,130,118,62820,2.34975,17751.679856460003
252,20190515.0.10,130,118,63000,2.41215,17578.858623480002
253,20190515.0.10,130,118,63180,2.4765,18907.49279034
254,20190515.0.10,130,118,63360,2.5441000000000003,19184.63463378
255,20190515.0.10,130,118,63540,2.67605,20000.82043872
256,20190515.0.10,130,118,63720,2.68515,19844.31155058
257,20190515.0.10,130,118,63900,2.8054,21271.80831732
258,20190515.0.10,130,118,64080,2.8171000000000004,21509.94613878
259,20190515.0.10,130,118,64260,2.9354,22805.92181736
260,20190515.0.10,130,118,64440,3.12585,23709.63336984
261,20190515.0.10,130,118,64620,3.1941,24746.994781740003
262,20190515.0.10,130,118,64800,3.2591,26123.322852
263,20190515.0.10,130,118,64980,3.3312500000000003,27553.42416816
264,20190515.0.10,130,118,65160,3.51845,29228.75903178
265,20190515.0.10,130,118,65340,3.58605,30526.265779020003
266,20190515.0.10,131,118,62460,1.8291,16059.51609768
267,20190515.0.10,131,118,62640,1.885,16856.979741360003
268,20190515.0.10,131,118,62820,1.9825,16755.9890652
269,20190515.0.10,131,118,63000,2.03775,16598.567486160002
270,20190515.0.10,131,118,63180,2.1112,17556.520584240003
271,20190515.0.10,131,118,63360,2.1684,17873.549240580003
272,20190515.0.10,131,118,63540,2.18075,18264.57023952
273,20190515.0.10,131,118,63720,2.23925,18080.3998485
274,20190515.0.10,131,118,63900,2.3049,19088.43844248
275,20190515.0.10,131,118,64080,2.3634,19525.69575396
276,20190515.0.10,131,118,64260,2.36665,19869.203744280003
277,20190515.0.10,131,118,64440,2.4895,20381.63751162
278,20190515.0.10,131,118,64620,2.6,20909.245129740004
279,20190515.0.10,131,118,64800,2.62405,21853.60266276
280,20190515.0.10,131,118,64980,2.7547,22875.09362226
281,20190515.0.10,131,118,65160,2.9354,24572.568544920003
282,20190515.0.10,131,118,65340,2.9328,25835.81312268
283,20190515.0.10,131,118,65520,3.055,28202.522323140005
284,20190515.0.10,131,118,65700,3.1980000000000004,28847.852476740005
285,20190515.0.10,131,118,65880,3.2019,31234.14373464
286,20190515.0.10,132,130,65520,1.82,15314.98036068
287,20190515.0.10,132,130,65700,1.95,15628.66434756
288,20190515.0.10,132,130,65880,2.015,16649.16513084
289,20190515.0.10,132,130,66060,2.145,17412.44912352
290,20190515.0.10,132,130,66240,2.22495,18456.75586656
291,20190515.0.10,132,130,66420,2.27825,19610.29969272
292,20190515.0.10,132,130,66600,2.2262500000000003,19704.19877316
293,20190515.0.10,132,130,66780,2.2321000000000004,20911.327386840003
294,20190515.0.10,132,130,66960,2.3504,21974.64443658
295,20190515.0.10,132,130,67140,2.275,22838.5029708
296,20190515.0.10,132,130,67320,2.36405,23439.289282200003
297,20190515.0.10,132,130,67500,2.49145,25136.80684218
298,20190515.0.10,132,130,67680,2.55125,25034.74741944
299,20190515.0.10,132,130,67860,2.61625,26398.90392282
300,20190515.0.10,132,130,68040,2.6208,26840.87890308
301,20190515.0.10,132,130,68220,2.6806,27951.9347844
302,20190515.0.10,132,130,68400,2.7417,28057.643992620004
303,20190515.0.10,132,130,68580,2.74495,29413.044314280003
304,20190515.0.10,132,130,68760,2.8145,29682.443805300005
305,20190515.0.10,132,130,68940,2.8600000000000003,31657.46275692
306,20190515.0.10,132,130,69120,2.9445,32278.919902020003
307,20190515.0.10,132,130,69300,3.055,34994.0879541
308,20190515.0.10,132,130,69480,3.19475,35061.150528360005
309,20190515.0.10,132,130,69660,3.2058,37080.51766056
310,20190515.0.10,132,130,69840,3.3208500000000005,38195.46354492
311,20190515.0.10,132,130,70020,3.32735,40105.4612508
312,20190515.0.10,132,130,70200,3.5152,43126.803003240006
313,20190515.0.10,132,130,70380,3.64845,44830.94331078
314,20190515.0.10,132,130,70560,3.7778,46313.28779814
315,20190515.0.10,133,130,65520,1.83235,17043.85880208
316,20190515.0.10,133,130,65700,1.898,17399.736973080002
317,20190515.0.10,133,130,65880,1.885,18017.23655952
318,20190515.0.10,133,130,66060,1.96365,19068.7204125
319,20190515.0.10,133,130,66240,2.02735,20260.04175558
320,20190515.0.10,133,130,66420,2.0527,20730.03330024
321,20190515.0.10,133,130,66600,2.1151,22233.623627160003
322,20190515.0.10,133,130,66780,2.1762,24171.64865676
323,20190515.0.10,133,130,66960,2.2321000000000004,25345.39715532
324,20190515.0.10,133,130,67140,2.24705,26021.2614156
325,20190515.0.10,133,130,67320,2.31855,26544.74506398
326,20190515.0.10,133,130,67500,2.3803,27796.831270560004
327,20190515.0.10,133,130,67680,2.5597000000000003,28233.48265254
328,20190515.0.10,133,130,67860,2.6234,29504.80712322
329,20190515.0.10,133,130,68040,2.69555,30049.995238560005
330,20190515.0.10,133,130,68220,2.7521000000000004,31228.13827782
331,20190515.0.10,133,130,68400,2.8249,31138.82747118
332,20190515.0.10,133,130,68580,2.94645,32984.59885578
333,20190515.0.10,133,130,68760,3.00495,33651.05950602
334,20190515.0.10,133,130,68940,3.0693,35949.30967386
335,20190515.0.10,133,130,69120,3.1369,35649.6360462
336,20190515.0.10,133,130,69300,3.2617000000000003,39611.90378772
337,20190515.0.10,133,130,69480,3.39495,41292.11895138
338,20190515.0.10,133,130,69660,3.4619,44018.56088784
339,20190515.0.10,133,130,69840,3.4619,45589.75568136
340,20190515.0.10,133,130,70020,3.58735,49368.32572914
341,20190515.0.10,133,130,70200,3.705,50473.13224338
342,20190515.0.10,133,130,70380,3.9,52692.35802732
343,20190515.0.10,133,130,70560,4.03,53386.48917162
344,20190515.0.10,133,130,70740,4.16,55764.87573294
345,20190515.0.10,142,132,70740,2.015,24460.79744394
346,20190515.0.10,142,132,70920,1.95,23826.683471580003
347,20190515.0.10,142,132,71100,2.015,25201.70574768
348,20190515.0.10,142,132,71280,2.015,26554.27473468
349,20190515.0.10,142,132,71460,2.14825,27473.841535140004
350,20190515.0.10,142,132,71640,2.09495,27523.24813656
351,20190515.0.10,142,132,71820,2.145,29345.313642480003
352,20190515.0.10,142,132,72000,2.21,29834.94373596
353,20190515.0.10,142,132,72180,2.275,30259.53237978
354,20190515.0.10,142,132,72360,2.2932,30405.07748718
355,20190515.0.10,142,132,72540,2.405,31590.28171134
356,20190515.0.10,142,132,72720,2.41735,31258.37247984
357,20190515.0.10,142,132,72900,2.48235,31850.733802140003
358,20190515.0.10,142,132,73080,2.5519,31383.005684580003
359,20190515.0.10,142,132,73260,2.6156,32571.03729726
360,20190515.0.10,142,132,73440,2.67995,32435.06525622
361,20190515.0.10,142,132,73620,2.7443,33562.88692614
362,20190515.0.10,142,132,73800,2.93735,33253.438703759995
363,20190515.0.10,142,132,73980,2.9250000000000003,34470.432623880006
364,20190515.0.10,142,132,74160,3.0004,35534.2095207
365,20190515.0.10,142,132,74340,3.12,36405.06084666
366,20190515.0.10,142,132,74520,3.25,37601.14303044
367,20190515.0.10,142,132,74700,3.3917,36004.98924792
368,20190515.0.10,142,132,74880,3.5802,37923.74673318
369,20190515.0.10,142,132,75060,3.5893,37485.2234988
370,20190515.0.10,142,132,75240,3.7154,38620.13549922001
371,20190515.0.10,142,132,75420,3.90325,38654.28011808
372,20190515.0.10,142,132,75600,4.0371500000000005,39236.2693173
373,20190515.0.10,142,132,75780,4.10475,40692.88998324
374,20190515.0.10,143,132,70740,1.755,26043.66005274
375,20190515.0.10,143,132,70920,1.755,26246.0882475
376,20190515.0.10,143,132,71100,1.885,28473.2121168
377,20190515.0.10,143,132,71280,1.885,29178.721984500004
378,20190515.0.10,143,132,71460,1.98315,29125.50042006
379,20190515.0.10,143,132,71640,1.98705,29592.75917466
380,20190515.0.10,143,132,71820,2.04685,30447.398448720003
381,20190515.0.10,143,132,72000,2.1027500000000003,31769.131383
382,20190515.0.10,143,132,72180,2.119,31773.53754432
383,20190515.0.10,143,132,72360,2.18465,32685.73702218
384,20190515.0.10,143,132,72540,2.2958000000000003,33534.23061384
385,20190515.0.10,143,132,72720,2.36665,33642.74771748
386,20190515.0.10,143,132,72900,2.4297000000000004,33760.055650860006
387,20190515.0.10,143,132,73080,2.535,32641.539604740003
388,20190515.0.10,143,132,73260,2.6,33508.99737306
389,20190515.0.10,143,132,73440,2.73,33897.39067044001
390,20190515.0.10,143,132,73620,2.8015000000000003,34398.034858440005
391,20190515.0.10,143,132,73800,3.05955,35061.84520938
392,20190515.0.10,143,132,73980,3.12,36108.5881563
393,20190515.0.10,143,132,74160,3.25,37292.40910098
394,20190515.0.10,143,132,74340,3.38,37860.123476340006
395,20190515.0.10,143,132,74520,3.5789000000000004,39272.04725994
396,20190515.0.10,143,132,74700,3.77,38176.05008646
397,20190515.0.10,143,132,74880,3.9,40411.66949424
398,20190515.0.10,143,132,75060,4.1002,41376.00160188
399,20190515.0.10,144,133,70920,2.1307,28203.21118296
400,20190515.0.10,144,133,71100,2.16645,27576.313435440003
401,20190515.0.10,144,133,71280,2.23405,28611.29878596
402,20190515.0.10,144,133,71460,2.29385,28870.42577958
403,20190515.0.10,144,133,71640,2.3582,28940.8934727
404,20190515.0.10,144,133,71820,2.42645,29912.58038142
405,20190515.0.10,144,133,72000,2.48755,30250.58013054
406,20190515.0.10,144,133,72180,2.6136500000000003,30581.565499980003
407,20190515.0.10,144,133,72360,2.7430000000000003,31109.614228440005
408,20190515.0.10,144,133,72540,2.8093,32233.57026714
409,20190515.0.10,144,133,72720,2.9341,32980.853733300006
410,20190515.0.10,144,133,72900,3.00625,33122.63324304
411,20190515.0.10,144,133,73080,3.0719,33529.56066504001
412,20190515.0.10,144,133,73260,3.32475,35169.69354822
413,20190515.0.10,144,133,73440,3.46385,36241.47016182
414,20190515.0.10,144,133,73620,3.5886500000000003,37204.343579700006
415,20190515.0.10,144,133,73800,3.7843,38108.1221433
416,20190515.0.10,144,133,73980,3.91105,40093.834900680005
417,20190515.0.10,152,143,75240,2.015,21136.50772794
418,20190515.0.10,152,143,75420,2.145,21532.182408
419,20190515.0.10,152,143,75600,2.21,22244.01991614
420,20190515.0.10,152,143,75780,2.34,23632.13327508
421,20190515.0.10,152,143,75960,2.34,23441.99978736
422,20190515.0.10,152,143,76140,2.41735,23767.22214108
423,20190515.0.10,152,143,76320,2.535,24179.37398712
424,20190515.0.10,152,143,76500,2.6,24748.8104556
425,20190515.0.10,152,143,76680,2.665,25212.69309438
426,20190515.0.10,152,143,76860,2.795,26895.3402762
427,20190515.0.10,152,143,77040,2.9250000000000003,28193.66739882
428,20190515.0.10,152,143,77220,3.0615,30312.40815504
429,20190515.0.10,152,143,77400,3.185,30667.496711940003
430,20190515.0.10,152,143,77580,3.38,32142.355367760003
431,20190515.0.10,152,143,77760,3.575,33751.27827126
432,20190515.0.10,152,143,77940,3.705,34911.66920076
433,20190515.0.10,152,143,78120,3.835,36321.62511186
434,20190515.0.10,152,143,78300,4.03,37417.98129894
435,20190515.0.10,154,142,75960,2.34,22224.08660076
436,20190515.0.10,154,142,76140,2.48755,21871.0972656
437,20190515.0.10,154,142,76320,2.4934,21433.77660996
438,20190515.0.10,154,142,76500,2.54995,22130.10362772
439,20190515.0.10,154,142,76680,2.665,21813.77150172
440,20190515.0.10,154,142,76860,2.665,22693.8675942
441,20190515.0.10,154,142,77040,2.74495,22074.05004156
442,20190515.0.10,154,142,77220,2.8054,23305.0622805
443,20190515.0.10,154,142,77400,2.9250000000000003,24503.6106414
444,20190515.0.10,154,142,77580,2.9965,25486.10651664
445,20190515.0.10,154,142,77760,3.12,26416.81266642
446,20190515.0.10,154,142,77940,3.3169500000000003,27027.25006806
447,20190515.0.10,154,142,78120,3.38,27579.55095522
448,20190515.0.10,154,142,78300,3.64195,27977.46725664
449,20190515.0.10,154,142,78480,3.70825,29994.99733494
450,20190515.0.10,154,142,78660,3.83955,30661.512583680003
451,20190515.0.10,154,142,78840,4.0326,31631.37838344
452,20190515.0.10,154,142,79020,4.227600000000001,33462.24897708
453,20190515.0.10,155,142,75960,1.8291,19218.54857472
454,20190515.0.10,155,142,76140,1.83885,18540.17692956
455,20190515.0.10,155,142,76320,1.90645,18488.445424020003
456,20190515.0.10,155,142,76500,1.9773000000000005,19047.3484311
457,20190515.0.10,155,142,76680,2.10535,19017.00142254
458,20190515.0.10,155,142,76860,2.1723000000000003,19917.57052296
459,20190515.0.10,155,142,77040,2.2418500000000003,20123.94302028
460,20190515.0.10,155,142,77220,2.30165,20986.78381866
461,20190515.0.10,155,142,77400,2.418,20559.522368880003
462,20190515.0.10,155,142,77580,2.47,21366.55513872
463,20190515.0.10,155,142,77760,2.535,21725.17135272
464,20190515.0.10,155,142,77940,2.6767,22570.09633098
465,20190515.0.10,155,142,78120,2.8008500000000005,23692.7124918
466,20190515.0.10,155,142,78300,2.8743,24655.83067332
467,20190515.0.10,155,142,78480,2.9926,26614.212320520004
468,20190515.0.10,155,142,78660,3.0686500000000003,27789.97189716
469,20190515.0.10,155,142,78840,3.1889000000000003,28737.471430800004
470,20190515.0.10,155,142,79020,3.3189,30289.8209229
471,20190515.0.10,18,7,7920,2.2321000000000004,41132.64218382
472,20190515.0.10,18,7,8100,2.275,42063.3342162
473,20190515.0.10,18,7,8280,2.34,42084.06390144
474,20190515.0.10,18,7,8460,2.5415,43056.98791614
475,20190515.0.10,18,7,8640,2.6,44223.01470972
476,20190515.0.10,18,7,8820,2.6767,44116.19152182
477,20190515.0.10,18,7,9000,2.73,45332.075257920005
478,20190515.0.10,18,7,9180,2.8600000000000003,47645.03656044001
479,20190515.0.10,18,7,9360,2.99,49223.97077796001
480,20190515.0.10,18,7,9540,3.055,50395.01884164
481,20190515.0.10,18,7,9720,3.185,53333.5618035
482,20190515.0.10,18,7,9900,3.315,55221.32553894
483,20190515.0.10,18,7,10080,3.38,57151.57733208
484,20190515.0.10,18,7,10260,3.4450000000000003,58883.1426414
485,20190515.0.10,18,7,10440,3.51,58518.04165218
486,20190515.0.10,18,7,10620,3.64,63614.05241796
487,20190515.0.10,20,17,9000,1.7927,18733.28542272
488,20190515.0.10,20,17,9180,1.7953,18894.50098074
489,20190515.0.10,20,17,9360,1.8603,19862.27265528
490,20190515.0.10,20,17,9540,1.8681,19437.23163096
491,20190515.0.10,20,17,9720,1.93115,20435.17709772
492,20190515.0.10,20,17,9900,2.0397,21101.24332404
493,20190515.0.10,20,17,10080,2.05595,20848.62662586
494,20190515.0.10,20,17,10260,2.12875,21599.8997544
495,20190515.0.10,20,17,10440,2.2418500000000003,21695.45946282
496,20190515.0.10,20,17,10620,2.3608,23423.016497760003
497,20190515.0.10,20,17,10800,2.49535,24243.4894482
498,20190515.0.10,20,17,10980,2.6234,25012.53581706
499,20190515.0.10,20,17,11160,2.6942500000000003,25529.49959472
500,20190515.0.10,20,17,11340,2.8704,25781.864807160004
501,20190515.0.10,20,17,11520,3.0069,26778.468950640003
502,20190515.0.10,20,17,11700,3.0751500000000003,28342.10248254
503,20190515.0.10,21,17,9000,1.677,17407.432959840004
504,20190515.0.10,21,17,9180,1.71405,18311.31878796
505,20190515.0.10,21,17,9360,1.7966000000000002,18710.8413525
506,20190515.0.10,21,17,9540,1.85705,18676.30641624
507,20190515.0.10,21,17,9720,1.9188,19285.13078316
508,20190515.0.10,21,17,9900,1.9812,19636.116885
509,20190515.0.10,21,17,10080,2.04555,20080.93890726
510,20190515.0.10,21,17,10260,2.1788000000000003,20313.47556612
511,20190515.0.10,21,17,10440,2.2971000000000004,20416.272457680003
512,20190515.0.10,21,17,10620,2.4297000000000004,22591.70668458
513,20190515.0.10,21,17,10800,2.54735,24101.41789044
514,20190515.0.10,21,17,10980,2.56165,25354.37067966
515,20190515.0.10,21,17,11160,2.6884,26972.851694580004
516,20190515.0.10,21,17,11340,2.8145,28563.85340226
517,20190515.0.10,21,17,11520,2.94385,29854.93707306
518,20190515.0.10,21,17,11700,3.0686500000000003,31403.763091800003
519,20190515.0.10,21,17,11880,3.2019,32768.23198374001
520,20190515.0.10,21,17,12060,3.2656,35310.04019928
521,20190515.0.10,21,17,12240,3.40405,36168.39288612
522,20190515.0.10,22,16,9360,1.885,21020.6462004
523,20190515.0.10,22,16,9540,1.885,20271.1093299
524,20190515.0.10,22,16,9720,1.885,20510.76222558
525,20190515.0.10,22,16,9900,2.015,21429.90055998
526,20190515.0.10,22,16,10080,2.08,22096.79912088
527,20190515.0.10,22,16,10260,2.1528,22380.21554868
528,20190515.0.10,22,16,10440,2.21,22140.31077324
529,20190515.0.10,22,16,10620,2.275,23787.569025
530,20190515.0.10,22,16,10800,2.34,24286.08905514
531,20190515.0.10,22,16,10980,2.34,24821.013319740003
532,20190515.0.10,22,16,11160,2.47,25153.41107268
533,20190515.0.10,22,16,11340,2.535,25689.39881706
534,20190515.0.10,22,16,11520,2.665,26138.43441198
535,20190515.0.10,22,16,11700,2.8015000000000003,27185.074446420003
536,20190515.0.10,22,16,11880,2.8600000000000003,27484.586868420003
537,20190515.0.10,22,16,12060,2.9250000000000003,28851.21320994
538,20190515.0.10,22,16,12240,3.0615,28635.878547540004
539,20190515.0.10,22,16,12420,3.1980000000000004,29958.583927140004
540,20190515.0.10,22,16,12600,3.3189,30921.11844822
541,20190515.0.10,23,16,9360,1.82,20799.91234332
542,20190515.0.10,23,16,9540,1.86225,20635.3512684
543,20190515.0.10,23,16,9720,1.90905,21878.90960904
544,20190515.0.10,23,16,9900,1.9175,22465.965087720004
545,20190515.0.10,23,16,10080,1.99745,23182.49194668
546,20190515.0.10,23,16,10260,2.0956,23454.87870924
547,20190515.0.10,23,16,10440,2.17165,23093.9264952
548,20190515.0.10,23,16,10620,2.2373000000000003,24852.58028748
549,20190515.0.10,23,16,10800,2.24315,25288.25400684
550,20190515.0.10,23,16,10980,2.301,26186.21104374
551,20190515.0.10,23,16,11160,2.35885,26786.60798814
552,20190515.0.10,23,16,11340,2.49665,27546.69640734
553,20190515.0.10,23,16,11520,2.5753,27670.044996
554,20190515.0.10,23,16,11700,2.64095,28505.6862156
555,20190515.0.10,23,16,11880,2.7625,29390.01460164
556,20190515.0.10,23,16,12060,2.8821000000000003,31899.38301594
557,20190515.0.10,23,16,12240,3.0108,32621.1674877
558,20190515.0.10,23,16,12420,3.12,34747.970138640005
559,20190515.0.10,23,16,12600,3.25,36425.769397380005
560,20190515.0.10,30,22,12780,1.78035,15313.04767476
561,20190515.0.10,30,22,12960,1.7797,15883.28624916
562,20190515.0.10,30,22,13140,1.8993,17018.0915256
563,20190515.0.10,30,22,13320,1.86615,16000.96060134
564,20190515.0.10,30,22,13500,1.97145,16749.61737372
565,20190515.0.10,30,22,13680,1.98315,16592.8667256
566,20190515.0.10,30,22,13860,2.08,17578.617994080003
567,20190515.0.10,30,22,14040,2.1183500000000004,17807.68028358
568,20190515.0.10,30,22,14220,2.23275,18100.4908887
569,20190515.0.10,30,22,14400,2.2945,18500.94436806
570,20190515.0.10,30,22,14580,2.405,19324.811782980003
571,20190515.0.10,30,22,14760,2.4778,19822.38041718
572,20190515.0.10,30,22,14940,2.54735,20578.25979792
573,20190515.0.10,30,22,15120,2.55905,20829.224736540004
574,20190515.0.10,30,22,15300,2.6767,21660.4787553
575,20190515.0.10,30,22,15480,2.7417,22683.95674578
576,20190515.0.10,30,22,15660,2.8743,23609.9598867
577,20190515.0.10,30,22,15840,2.9406000000000003,24847.935496560003
578,20190515.0.10,30,22,16020,3.0693,25605.9010449
579,20190515.0.10,30,22,16200,3.185,28047.132162720005
580,20190515.0.10,30,22,16380,3.38,29345.188649040003
581,20190515.0.10,30,22,16560,3.51845,31811.482030680003
582,20190515.0.10,30,22,16740,3.64,32748.001820820005
583,20190515.0.10,31,22,12780,1.664,15998.99366736
584,20190515.0.10,31,22,12960,1.6653000000000002,15872.417047080002
585,20190515.0.10,31,22,13140,1.7732,16941.916298340002
586,20190515.0.10,31,22,13320,1.7940000000000005,17256.1149387
587,20190515.0.10,31,22,13500,1.8135,17455.68883278
588,20190515.0.10,31,22,13680,1.8707,17422.26184314
589,20190515.0.10,31,22,13860,1.9266,18153.27393066
590,20190515.0.10,31,22,14040,1.98835,18446.5727622
591,20190515.0.10,31,22,14220,2.04685,19817.79006834
592,20190515.0.10,31,22,14400,2.17165,19981.48665546
593,20190515.0.10,31,22,14580,2.2828,20851.02888462
594,20190515.0.10,31,22,14760,2.36275,21249.99997164
595,20190515.0.10,31,22,14940,2.36795,22075.809202260003
596,20190515.0.10,31,22,15120,2.483,22694.88497958
597,20190515.0.10,31,22,15300,2.48885,22728.075876000003
598,20190515.0.10,31,22,15480,2.62015,24264.14196888
599,20190515.0.10,31,22,15660,2.7456,24850.906652880003
600,20190515.0.10,31,22,15840,2.8600000000000003,26391.53967912
601,20190515.0.10,31,22,16020,3.055,27909.36670302
602,20190515.0.10,31,22,16200,3.185,30013.63680546
603,20190515.0.10,32,23,12780,1.64515,19064.61372222
604,20190515.0.10,32,23,12960,1.69,19055.62823868
605,20190515.0.10,32,23,13140,1.755,19466.70095898
606,20190515.0.10,32,23,13320,1.82,20485.979906040004
607,20190515.0.10,32,23,13500,1.9214,21167.81955882
608,20190515.0.10,32,23,13680,1.98575,21575.31851574
609,20190515.0.10,32,23,13860,2.0566,21924.61716456
610,20190515.0.10,32,23,14040,2.1125000000000003,22701.76695666
611,20190515.0.10,32,23,14220,2.2282,23328.12206736
612,20190515.0.10,32,23,14400,2.35235,24132.44990376
613,20190515.0.10,32,23,14580,2.405,24706.7247438
614,20190515.0.10,32,23,14760,2.49145,24983.1020934
615,20190515.0.10,32,23,14940,2.67865,26735.88280572
616,20190515.0.10,32,23,15120,2.7547,28048.98809592
617,20190515.0.10,32,23,15300,2.81645,29274.92293572
618,20190515.0.10,32,23,15480,2.8795,31489.904516400005
619,20190515.0.10,32,23,15660,2.9471000000000003,33101.44184952
620,20190515.0.10,32,23,15840,3.1369,35664.74383824
621,20190515.0.10,32,23,16020,3.2617000000000003,36679.55287986
622,20190515.0.10,32,23,16200,3.3878,39749.246034300006
623,20190515.0.10,32,23,16380,3.51845,40820.28551964
624,20190515.0.10,32,23,16560,3.77325,45577.789575120005
625,20190515.0.10,34,31,16380,1.69,16366.00798404
626,20190515.0.10,34,31,16560,1.69,17070.966411840003
627,20190515.0.10,34,31,16740,1.78035,18015.80513832
628,20190515.0.10,34,31,16920,1.79465,20033.38022202
629,20190515.0.10,34,31,17100,1.85185,21866.36088978
630,20190515.0.10,34,31,17280,1.84795,23510.87383392
631,20190515.0.10,34,31,17460,1.90775,24716.03699268
632,20190515.0.10,34,31,17640,1.9617,26971.682736240004
633,20190515.0.10,34,31,17820,2.015,27598.651656840004
634,20190515.0.10,34,31,18000,2.015,28810.244418120004
635,20190515.0.10,34,31,18180,2.015,29425.7406267
636,20190515.0.10,34,31,18360,2.145,30402.459946980005
637,20190515.0.10,34,31,18540,2.21,31539.56880888
638,20190515.0.10,34,31,18720,2.275,31516.507418220004
639,20190515.0.10,34,31,18900,2.34,32754.06052182
640,20190515.0.10,34,31,19080,2.405,32977.014929100005
641,20190515.0.10,34,31,19260,2.535,32889.961583820004
642,20190515.0.10,34,31,19440,2.665,33806.22245352
643,20190515.0.10,34,31,19620,2.73,34018.57811286
644,20190515.0.10,34,31,19800,2.8008500000000005,34760.68584714
645,20190515.0.10,34,31,19980,2.9289,35602.2569826
646,20190515.0.10,34,31,20160,3.055,36955.47765888
647,20190515.0.10,34,31,20340,3.185,36993.95534934
648,20190515.0.10,34,31,20520,3.38,38817.9251262
649,20190515.0.10,34,31,20700,3.575,38711.29625946
650,20190515.0.10,38,30,16920,2.08,18038.59323156
651,20190515.0.10,38,30,17100,2.11055,18319.46147856
652,20190515.0.10,38,30,17280,2.21,18765.17675604
653,20190515.0.10,38,30,17460,2.21,18938.58431652
654,20190515.0.10,38,30,17640,2.34,19087.51196088
655,20190515.0.10,38,30,17820,2.405,19106.51764824
656,20190515.0.10,38,30,18000,2.4791000000000003,19485.23139684
657,20190515.0.10,38,30,18180,2.5408500000000003,19753.82337654
658,20190515.0.10,38,30,18360,2.60715,20013.718483440003
659,20190515.0.10,38,30,18540,2.68385,20711.03196888
660,20190515.0.10,38,30,18720,2.8652,21225.377168820003
661,20190515.0.10,38,30,18900,2.93735,22322.3245542
662,20190515.0.10,38,30,19080,3.0602,22980.0178872
663,20190515.0.10,38,30,19260,3.185,23475.63404934
664,20190515.0.10,38,30,19440,3.2565000000000004,24437.44887408
665,20190515.0.10,38,30,19620,3.38455,25136.1335907
666,20190515.0.10,38,30,19800,3.51,26164.626974640003
667,20190515.0.10,38,30,19980,3.77325,27781.033864320005
668,20190515.0.10,38,30,20160,3.9,29132.48692134
669,20190515.0.10,38,30,20340,4.0391,29451.63965436
670,20190515.0.10,39,30,16920,1.625,16090.1338653
671,20190515.0.10,39,30,17100,1.7251,16656.957278280002
672,20190515.0.10,39,30,17280,1.7875,17319.39473286
673,20190515.0.10,39,30,17460,1.8447,17614.37882556
674,20190515.0.10,39,30,17640,1.91685,17840.3149089
675,20190515.0.10,39,30,17820,1.93505,17995.105335239998
676,20190515.0.10,39,30,18000,2.0397,18891.77253876
677,20190515.0.10,39,30,18180,2.11055,19593.27713574
678,20190515.0.10,39,30,18360,2.1775,19782.24008112
679,20190515.0.10,39,30,18540,2.2418500000000003,20531.24984394
680,20190515.0.10,39,30,18720,2.3699000000000003,21045.20680152
681,20190515.0.10,39,30,18900,2.49275,21715.20363672
682,20190515.0.10,39,30,19080,2.62665,22661.48173212
683,20190515.0.10,39,30,19260,2.73,23461.04478366
684,20190515.0.10,39,30,19440,2.8060500000000004,23988.84026814
685,20190515.0.10,39,30,19620,2.938,25404.30084654
686,20190515.0.10,39,30,19800,3.00755,26419.21113546
687,20190515.0.10,39,30,19980,3.2019,28074.59010774
688,20190515.0.10,39,30,20160,3.3202,29531.28647106
689,20190515.0.10,39,30,20340,3.4502,30175.4093553
690,20190515.0.10,39,30,20520,3.64,32296.60553526
691,20190515.0.10,39,30,20700,3.77,32538.09849246
692,20190515.0.10,40,38,20520,2.145,15164.04974238
693,20190515.0.10,40,38,20700,2.2347,14910.53147892
694,20190515.0.10,40,38,20880,2.275,15913.373598540002
695,20190515.0.10,40,38,21060,2.34,16563.2929407
696,20190515.0.10,40,38,21240,2.405,16809.242369040003
697,20190515.0.10,40,38,21420,2.47,17622.47554056
698,20190515.0.10,40,38,21600,2.6,18103.83274458
699,20190515.0.10,40,38,21780,2.6,18685.738490760003
700,20190515.0.10,40,38,21960,2.795,19338.48131292
701,20190515.0.10,40,38,22140,2.9250000000000003,20324.07578124
702,20190515.0.10,40,38,22320,2.99975,21250.1395458
703,20190515.0.10,40,38,22500,3.1252,22709.43072288
704,20190515.0.10,40,38,22680,3.185,23446.24771104
705,20190515.0.10,40,38,22860,3.38,25159.51200906
706,20190515.0.10,40,38,23040,3.5828,26818.50021048
707,20190515.0.10,40,38,23220,3.7778,25390.86443586
708,20190515.0.10,41,38,20520,2.0319000000000003,16309.60600302
709,20190515.0.10,41,38,20700,2.1086,16600.1540166
710,20190515.0.10,41,38,20880,2.1833500000000003,17407.664045640002
711,20190515.0.10,41,38,21060,2.25225,17885.88809766
712,20190515.0.10,41,38,21240,2.3673,18306.3385395
713,20190515.0.10,41,38,21420,2.42775,19422.45614826
714,20190515.0.10,41,38,21600,2.55125,20167.88822334
715,20190515.0.10,41,38,21780,2.61885,21394.16356968
716,20190515.0.10,41,38,21960,2.75015,22626.2747898
717,20190515.0.10,41,38,22140,2.873,24405.72933546
718,20190515.0.10,41,38,22320,2.93995,25706.213111700003
719,20190515.0.10,41,38,22500,3.1278,27976.22991306
720,20190515.0.10,41,38,22680,3.20385,28911.1612086
721,20190515.0.10,41,38,22860,3.45345,31061.76794622
722,20190515.0.10,42,39,20880,2.09105,18379.46425194
723,20190515.0.10,42,39,21060,2.145,19423.19831364
724,20190515.0.10,42,39,21240,2.23795,19779.299573220003
725,20190515.0.10,42,39,21420,2.2399,20712.23806014
726,20190515.0.10,42,39,21600,2.3049,21691.59112296
727,20190515.0.10,42,39,21780,2.4342500000000005,23382.63464724
728,20190515.0.10,42,39,21960,2.54605,24666.5811447
729,20190515.0.10,42,39,22140,2.60975,25868.495058120003
730,20190515.0.10,42,39,22320,2.6182000000000003,26646.243475500003
731,20190515.0.10,42,39,22500,2.7417,28034.75477682
732,20190515.0.10,42,39,22680,2.8717,29220.423819840005
733,20190515.0.10,42,39,22860,2.99845,30733.6818987
734,20190515.0.10,42,39,23040,3.07645,32644.45154322
735,20190515.0.10,42,39,23220,3.185,33891.20898966
736,20190515.0.10,42,39,23400,3.32475,37219.42420218
737,20190515.0.10,42,39,23580,3.38,38778.64839486
738,20190515.0.10,46,41,23040,1.82,16969.66840008
739,20190515.0.10,46,41,23220,1.86225,17008.804179180002
740,20190515.0.10,46,41,23400,1.91035,18931.12364286
741,20190515.0.10,46,41,23580,1.9266,18724.29135984
742,20190515.0.10,46,41,23760,1.9825,20559.79015002
743,20190515.0.10,46,41,23940,2.0449,21601.47674322
744,20190515.0.10,46,41,24120,2.0566,21723.09958962
745,20190515.0.10,46,41,24300,2.1183500000000004,22734.40024152
746,20190515.0.10,46,41,24480,2.2399,23657.337053460004
747,20190515.0.10,46,41,24660,2.3049,24576.1387641
748,20190515.0.10,46,41,24840,2.36405,25049.63773224
749,20190515.0.10,46,41,25020,2.42645,25958.57418792
750,20190515.0.10,46,41,25200,2.4973,27203.45377464
751,20190515.0.10,46,41,25380,2.67605,28705.31655156
752,20190515.0.10,46,41,25560,2.8145,29865.884938560004
753,20190515.0.10,46,41,25740,2.9432,30937.8183543
754,20190515.0.10,46,41,25920,3.0108,31505.044528980005
755,20190515.0.10,46,41,26100,3.081,32014.15179534
756,20190515.0.10,46,41,26280,3.2656,33708.93277752
757,20190515.0.10,46,41,26460,3.3969,34547.15218086
758,20190515.0.10,46,41,26640,3.5236500000000004,36300.45626064001
759,20190515.0.10,48,40,23400,1.95,12552.666859260002
760,20190515.0.10,48,40,23580,2.145,14289.320925000002
761,20190515.0.10,48,40,23760,2.145,13830.481841220002
762,20190515.0.10,48,40,23940,2.21,14862.27991248
763,20190515.0.10,48,40,24120,2.34325,15095.241956520002
764,20190515.0.10,48,40,24300,2.405,15691.65597054
765,20190515.0.10,48,40,24480,2.4758500000000003,16135.9433334
766,20190515.0.10,48,40,24660,2.5441000000000003,16791.729857100003
767,20190515.0.10,48,40,24840,2.55125,16786.08487512
768,20190515.0.10,48,40,25020,2.73,17600.86574928
769,20190515.0.10,48,40,25200,2.795,18289.3645836
770,20190515.0.10,48,40,25380,2.8717,18953.71899696
771,20190515.0.10,48,40,25560,3.0615,20006.06084136
772,20190515.0.10,48,40,25740,3.12,21201.12542988
773,20190515.0.10,48,40,25920,3.25,22170.55840164
774,20190515.0.10,48,40,26100,3.315,23136.00433848
775,20190515.0.10,48,40,26280,3.38,24174.79668252
776,20190515.0.10,48,40,26460,3.4450000000000003,24711.972999120004
777,20190515.0.10,48,40,26640,3.64195,26530.7397894
778,20190515.0.10,48,40,26820,3.77,27596.85026472
779,20190515.0.10,48,40,27000,3.835,28035.857692260004
780,20190515.0.10,48,40,27180,3.97475,29299.7614338
781,20190515.0.10,48,40,27360,4.234750000000001,30795.6450384
782,20190515.0.10,49,40,23400,1.8382,14092.258403520002
783,20190515.0.10,49,40,23580,1.86095,13879.72151874
784,20190515.0.10,49,40,23760,1.9773000000000005,14898.396441060002
785,20190515.0.10,49,40,23940,2.0384,15692.609988
786,20190515.0.10,49,40,24120,2.1216,16197.54289362
787,20190515.0.10,49,40,24300,2.1879,16473.77421228
788,20190515.0.10,49,40,24480,2.30425,17183.43597366
789,20190515.0.10,49,40,24660,2.37185,17996.66064702
790,20190515.0.10,49,40,24840,2.43295,18443.12494662
791,20190515.0.10,49,40,25020,2.4882,18662.30113176
792,20190515.0.10,49,40,25200,2.6767,20710.48026564
793,20190515.0.10,49,40,25380,2.7475500000000004,21370.05115542
794,20190515.0.10,49,40,25560,2.886,22951.76800752
795,20190515.0.10,49,40,25740,3.01275,23630.26838238
796,20190515.0.10,49,40,25920,3.13885,24683.73441336
797,20190515.0.10,49,40,26100,3.14145,25704.10175652
798,20190515.0.10,49,40,26280,3.21035,26756.7412365
799,20190515.0.10,49,40,26460,3.3917,28665.755818920003
800,20190515.0.10,49,40,26640,3.5204,30875.535535680003
801,20190515.0.10,49,40,26820,3.64,32326.705592280003
802,20190515.0.10,49,40,27000,3.85125,33131.4555429
803,20190515.0.10,49,40,27180,3.97085,35757.831229560004
804,20190515.0.10,54,49,27360,1.885,16846.973597520002
805,20190515.0.10,54,49,27540,2.02735,18038.41182198
806,20190515.0.10,54,49,27720,2.08,18376.561134360003
807,20190515.0.10,54,49,27900,2.12875,18361.83223908
808,20190515.0.10,54,49,28080,2.2386,19027.85720022
809,20190515.0.10,54,49,28260,2.3569,19922.75938422
810,20190515.0.10,54,49,28440,2.36795,19874.84769468
811,20190515.0.10,54,49,28620,2.43295,21608.41205952
812,20190515.0.10,54,49,28800,2.5629500000000003,22595.49352368
813,20190515.0.10,54,49,28980,2.665,23773.977540720003
814,20190515.0.10,54,49,29160,2.7462500000000003,26053.64240292
815,20190515.0.10,54,49,29340,2.8756000000000004,28430.41126068
816,20190515.0.10,54,49,29520,3.0004,30600.78427098
817,20190515.0.10,54,49,29700,3.1284500000000004,33684.13012536
818,20190515.0.10,54,49,29880,3.2006,34299.22085964
819,20190515.0.10,54,49,30060,3.38,38290.87304658
820,20190515.0.10,54,49,30240,3.5191000000000003,39556.85107374
821,20190515.0.10,54,49,30420,3.6478,43448.5924686
822,20190515.0.10,54,49,30600,3.71215,44514.14825682
823,20190515.0.10,54,49,30780,3.83825,48109.65076368
824,20190515.0.10,54,49,30960,3.96825,49893.575193
825,20190515.0.10,55,49,27360,2.12485,18570.62241342
826,20190515.0.10,55,49,27540,2.24055,19367.1139662
827,20190515.0.10,55,49,27720,2.275,20006.3329488
828,20190515.0.10,55,49,27900,2.34,20527.17776208
829,20190515.0.10,55,49,28080,2.405,20598.687576720004
830,20190515.0.10,55,49,28260,2.535,21335.56353126
831,20190515.0.10,55,49,28440,2.67605,21826.29976758
832,20190515.0.10,55,49,28620,2.75405,23141.94026364
833,20190515.0.10,55,49,28800,2.8782,23604.38557488
834,20190515.0.10,55,49,28980,3.0095,24158.26857312
835,20190515.0.10,55,49,29160,3.12,25472.71544994
836,20190515.0.10,55,49,29340,3.3254,26782.88814432
837,20190515.0.10,55,49,29520,3.4450000000000003,27744.88288968
838,20190515.0.10,56,48,27540,2.22885,16003.627742520002
839,20190515.0.10,56,48,27720,2.275,16552.53441666
840,20190515.0.10,56,48,27900,2.34,17424.3322737
841,20190515.0.10,56,48,28080,2.4817,17690.292229500003
842,20190515.0.10,56,48,28260,2.47,18047.00754054
843,20190515.0.10,56,48,28440,2.48625,18067.51878822
844,20190515.0.10,56,48,28620,2.5493,19625.44748274
845,20190515.0.10,56,48,28800,2.6175500000000005,19185.67753344
846,20190515.0.10,56,48,28980,2.73715,19753.03068354
847,20190515.0.10,56,48,29160,2.795,20919.04689402
848,20190515.0.10,56,48,29340,2.99,22886.44810254
849,20190515.0.10,56,48,29520,3.00105,23222.7746388
850,20190515.0.10,56,48,29700,3.13625,26007.47332128
851,20190515.0.10,56,48,29880,3.2591,26357.105275380003
852,20190515.0.10,56,48,30060,3.45345,28109.52210726
853,20190515.0.10,56,48,30240,3.58605,27922.5680877
854,20190515.0.10,57,48,27540,2.015,17050.490944740002
855,20190515.0.10,57,48,27720,2.1177,17312.82513246
856,20190515.0.10,57,48,27900,2.23925,17775.84373488
857,20190515.0.10,57,48,28080,2.3127,18077.39242254
858,20190515.0.10,57,48,28260,2.4219,18577.23254244
859,20190515.0.10,57,48,28440,2.496,18894.46460814
860,20190515.0.10,57,48,28620,2.5597000000000003,20666.637897840003
861,20190515.0.10,57,48,28800,2.691,21169.24513704
862,20190515.0.10,57,48,28980,2.80995,21619.514329380003
863,20190515.0.10,57,48,29160,2.93735,23116.49366994
864,20190515.0.10,57,48,29340,3.07255,24448.13202744
865,20190515.0.10,57,48,29520,3.2019,25259.167955340003
866,20190515.0.10,57,48,29700,3.33515,27129.35230632
867,20190515.0.10,57,48,29880,3.40145,27074.9303055
868,20190515.0.10,57,48,30060,3.59255,29281.74678
869,20190515.0.10,57,48,30240,3.70955,28818.49094982
870,20190515.0.10,60,56,30420,1.885,15020.716659300002
871,20190515.0.10,60,56,30600,2.015,14939.410159080002
872,20190515.0.10,60,56,30780,2.08,15740.269766100002
873,20190515.0.10,60,56,30960,2.08,15591.01069152
874,20190515.0.10,60,56,31140,2.21,16393.250705039998
875,20190515.0.10,60,56,31320,2.275,16619.99449374
876,20190515.0.10,60,56,31500,2.34,16896.55775148
877,20190515.0.10,60,56,31680,2.405,17231.943498660003
878,20190515.0.10,60,56,31860,2.47,17584.67021256
879,20190515.0.10,60,56,32040,2.6,18647.77933854
880,20190515.0.10,60,56,32220,2.73,18917.510980500003
881,20190515.0.10,60,56,32400,2.8600000000000003,19102.79305242
882,20190515.0.10,60,56,32580,2.8600000000000003,19009.2267486
883,20190515.0.10,60,56,32760,2.9250000000000003,20772.31506372
884,20190515.0.10,60,56,32940,3.055,20385.2035035
885,20190515.0.10,60,56,33120,3.12,21633.55387776
886,20190515.0.10,60,56,33300,3.25,21674.0352906
887,20190515.0.10,60,56,33480,3.38,23154.11824374
888,20190515.0.10,60,56,33660,3.4495500000000003,22799.22778584
889,20190515.0.10,60,56,33840,3.6491,24734.429127540003
890,20190515.0.10,60,56,34020,3.8454,25959.424168260004
891,20190515.0.10,60,56,34200,3.965,27474.16853016
892,20190515.0.10,61,56,30420,1.7316,14805.078498540002
893,20190515.0.10,61,56,30600,1.7901,14980.8806136
894,20190515.0.10,61,56,30780,1.85445,15724.526887080005
895,20190515.0.10,61,56,30960,1.8707,15675.906983220002
896,20190515.0.10,61,56,31140,1.9812,16652.684452139998
897,20190515.0.10,61,56,31320,2.0423,17096.987457
898,20190515.0.10,61,56,31500,2.10405,17507.58131826
899,20190515.0.10,61,56,31680,2.23015,18050.9045508
900,20190515.0.10,61,56,31860,2.30035,18445.18479408
901,20190515.0.10,61,56,32040,2.366,19556.3182122
902,20190515.0.10,61,56,32220,2.48625,20012.28994314
903,20190515.0.10,61,56,32400,2.496,19696.146129
904,20190515.0.10,61,56,32580,2.6819,20347.7975217
905,20190515.0.10,61,56,32760,2.75665,21582.443375460003
906,20190515.0.10,61,56,32940,2.93475,21630.93854922
907,20190515.0.10,61,56,33120,3.0667,23332.4828154
908,20190515.0.10,61,56,33300,3.185,23620.6607769
909,20190515.0.10,61,56,33480,3.45345,26096.39282646
910,20190515.0.10,61,56,33660,3.64715,25772.83104924
911,20190515.0.10,62,57,30420,1.82,15381.762610500002
912,20190515.0.10,62,57,30600,1.924,15018.02154072
913,20190515.0.10,62,57,30780,2.041,15640.393994280004
914,20190515.0.10,62,57,30960,2.1073000000000004,15584.29166448
915,20190515.0.10,62,57,31140,2.2295,16721.549808480002
916,20190515.0.10,62,57,31320,2.2418500000000003,17009.4207294
917,20190515.0.10,62,57,31500,2.4245,18020.887521120003
918,20190515.0.10,62,57,31680,2.43295,18345.90670506
919,20190515.0.10,62,57,31860,2.57075,19233.31901436
920,20190515.0.10,62,57,32040,2.665,20545.331469300003
921,20190515.0.10,62,57,32220,2.795,21271.92429582
922,20190515.0.10,62,57,32400,2.9328,22269.8415258
923,20190515.0.10,62,57,32580,3.1239000000000003,24192.20972322
924,20190515.0.10,62,57,32760,3.2045,26649.10672182
925,20190515.0.10,63,57,30420,1.97275,15763.26119148
926,20190515.0.10,63,57,30600,2.0865,15990.99212304
927,20190515.0.10,63,57,30780,2.1677500000000003,17143.11895428
928,20190515.0.10,63,57,30960,2.23665,17287.22952
929,20190515.0.10,63,57,31140,2.4108500000000004,18216.2603403
930,20190515.0.10,63,57,31320,2.49275,18851.56002378
931,20190515.0.10,63,57,31500,2.5571,18865.44449262
932,20190515.0.10,63,57,31680,2.6175500000000005,20344.66866036
933,20190515.0.10,63,57,31860,2.8060500000000004,22009.3540524
934,20190515.0.10,63,57,32040,2.9250000000000003,24380.870461200004
935,20190515.0.10,63,57,32220,2.9965,25298.8348041
936,20190515.0.10,63,57,32400,3.12,27033.77969028
937,20190515.0.10,63,57,32580,3.2565000000000004,29462.27605596
938,20190515.0.10,63,57,32760,3.4450000000000003,33840.77390892
939,20190515.0.10,63,57,32940,3.57955,35652.17012742
940,20190515.0.10,70,61,33840,1.755,13399.01528724
941,20190515.0.10,70,61,34020,1.82,14099.47796664
942,20190515.0.10,70,61,34200,1.91165,15050.264492340002
943,20190515.0.10,70,61,34380,1.9773000000000005,16066.03462398
944,20190515.0.10,70,61,34560,2.015,16460.62400268
945,20190515.0.10,70,61,34740,2.16645,18253.188904500003
946,20190515.0.10,70,61,34920,2.2971000000000004,18470.94262992
947,20190515.0.10,70,61,35100,2.3608,19261.84225878
948,20190515.0.10,70,61,35280,2.47,19430.28966978
949,20190515.0.10,70,61,35460,2.47,19935.60891102
950,20190515.0.10,70,61,35640,2.61495,21472.1473923
951,20190515.0.10,70,61,35820,2.73,22768.02779328
952,20190515.0.10,70,61,36000,2.8704,24626.5580385
953,20190515.0.10,70,61,36180,2.99,26094.315636180003
954,20190515.0.10,70,61,36360,3.12715,27672.65606358
955,20190515.0.10,70,61,36540,3.38195,30043.52075142
956,20190515.0.10,71,61,33840,1.885,14855.75954082
957,20190515.0.10,71,61,34020,1.95,16070.26107258
958,20190515.0.10,71,61,34200,2.0553000000000003,16757.98565958
959,20190515.0.10,71,61,34380,2.0553000000000003,17898.58045602
960,20190515.0.10,71,61,34560,2.13005,18053.815509180004
961,20190515.0.10,71,61,34740,2.1833500000000003,19684.64333088
962,20190515.0.10,71,61,34920,2.3595,20247.7368753
963,20190515.0.10,71,61,35100,2.3699000000000003,20803.03625862
964,20190515.0.10,71,61,35280,2.4934,21399.76500948
965,20190515.0.10,71,61,35460,2.5532000000000004,22166.42300334
966,20190515.0.10,71,61,35640,2.5629500000000003,23014.82007792
967,20190515.0.10,71,61,35820,2.7469,25058.6666253
968,20190515.0.10,71,61,36000,2.8795,27152.225270280003
969,20190515.0.10,71,61,36180,3.0004,28305.36269352
970,20190515.0.10,71,61,36360,3.0758,29547.03127464
971,20190515.0.10,71,61,36540,3.1889000000000003,32106.328533180003
972,20190515.0.10,71,61,36720,3.2669,32282.84033964
973,20190515.0.10,71,61,36900,3.315,35097.359901120006
974,20190515.0.10,72,60,34380,2.21,14657.36276268
975,20190515.0.10,72,60,34560,2.2204,14885.51176134
976,20190515.0.10,72,60,34740,2.23145,15629.11798932
977,20190515.0.10,72,60,34920,2.275,15569.5464837
978,20190515.0.10,72,60,35100,2.418,16648.47421974
979,20190515.0.10,72,60,35280,2.47,16687.17888156
980,20190515.0.10,72,60,35460,2.55255,16963.998424560003
981,20190515.0.10,72,60,35640,2.67215,18334.64894778
982,20190515.0.10,72,60,35820,2.6221,19008.73892214
983,20190515.0.10,72,60,36000,2.8015000000000003,20869.22718936
984,20190515.0.10,72,60,36180,2.80995,21832.44938226
985,20190515.0.10,72,60,36360,2.93865,23431.6855377
986,20190515.0.10,72,60,36540,3.0036500000000004,25435.36620702
987,20190515.0.10,72,60,36720,3.13235,25359.279901560003
988,20190515.0.10,72,60,36900,3.185,28081.894953420004
989,20190515.0.10,72,60,37080,3.315,28733.7468528
990,20190515.0.10,72,60,37260,3.4450000000000003,27515.80149912
991,20190515.0.10,73,60,34380,1.885,14433.094368
992,20190515.0.10,73,60,34560,1.9656,14131.7550198
993,20190515.0.10,73,60,34740,1.98315,15240.55576824
994,20190515.0.10,73,60,34920,2.03775,15343.1204553
995,20190515.0.10,73,60,35100,2.16125,16295.93741556
996,20190515.0.10,73,60,35280,2.2418500000000003,16733.297716740002
997,20190515.0.10,73,60,35460,2.30555,17292.72617424
998,20190515.0.10,73,60,35640,2.36275,18713.354309100003
999,20190515.0.10,73,60,35820,2.4245,19976.67851058
1000,20190515.0.10,73,60,36000,2.5519,22073.681137860003
1001,20190515.0.10,73,60,36180,2.6221,23242.980398220003
1002,20190515.0.10,73,60,36360,2.626,24502.160950740003
1003,20190515.0.10,73,60,36540,2.74885,26864.1725121
1004,20190515.0.10,73,60,36720,2.8106000000000004,27531.37243098
1005,20190515.0.10,73,60,36900,2.9250000000000003,31551.71558418
1006,20190515.0.10,73,60,37080,3.00625,32557.71667698
1007,20190515.0.10,73,60,37260,3.01405,29928.46159116
1008,20190515.0.10,73,60,37440,3.12975,32621.859699660003
1009,20190515.0.10,73,60,37620,3.19995,34449.43732758
1010,20190515.0.10,73,60,37800,3.3267,40198.1408532
1011,20190515.0.10,73,60,37980,3.4567,41250.651284700005
1012,20190515.0.10,74,70,36720,1.664,14215.09793814
1013,20190515.0.10,74,70,36900,1.69,15029.02022292
1014,20190515.0.10,74,70,37080,1.72705,15179.31125964
1015,20190515.0.10,74,70,37260,1.85445,14700.18476916
1016,20190515.0.10,74,70,37440,1.96755,15647.84227908
1017,20190515.0.10,74,70,37620,1.9916,16588.72051848
1018,20190515.0.10,74,70,37800,2.0514,19333.38941226
1019,20190515.0.10,74,70,37980,2.17165,19959.82108956
1020,20190515.0.10,74,70,38160,2.2418500000000003,20924.35983396
1021,20190515.0.10,74,70,38340,2.35625,21528.55864566
1022,20190515.0.10,74,70,38520,2.5480000000000005,22058.11922886
1023,20190515.0.10,74,70,38700,2.6182000000000003,23609.20077648
1024,20190515.0.10,74,70,38880,2.7462500000000003,24835.19807142
1025,20190515.0.10,74,70,39060,2.8756000000000004,26596.2314277
1026,20190515.0.10,74,70,39240,3.0108,28051.551138600003
1027,20190515.0.10,74,70,39420,3.1993,26714.1144699
1028,20190515.0.10,74,70,39600,3.3254,27197.542746
1029,20190515.0.10,74,70,39780,3.5828,32142.15017046
1030,20190515.0.10,78,72,37440,1.885,14119.81452882
1031,20190515.0.10,78,72,37620,2.015,15612.04280196
1032,20190515.0.10,78,72,37800,2.0839000000000003,18066.83462892
1033,20190515.0.10,78,72,37980,2.015,18473.70267468
1034,20190515.0.10,78,72,38160,2.08,19735.31538792
1035,20190515.0.10,78,72,38340,2.21,20042.12516922
1036,20190515.0.10,78,72,38520,2.21,19416.767727060003
1037,20190515.0.10,78,72,38700,2.275,21262.97313558
1038,20190515.0.10,78,72,38880,2.34,21131.22711942
1039,20190515.0.10,78,72,39060,2.47,22875.16603482
1040,20190515.0.10,78,72,39240,2.535,23192.99499132
1041,20190515.0.10,78,72,39420,2.6,20488.01512032
1042,20190515.0.10,78,72,39600,2.6,19752.78444282
1043,20190515.0.10,78,72,39780,2.795,23251.81551462
1044,20190515.0.10,78,72,39960,2.8600000000000003,22117.74825348
1045,20190515.0.10,78,72,40140,2.99,23353.22270952
1046,20190515.0.10,78,72,40320,3.12,26019.91246932
1047,20190515.0.10,78,72,40500,3.2604,28082.80192806
1048,20190515.0.10,78,72,40680,3.315,26503.01665902
1049,20190515.0.10,78,72,40860,3.4450000000000003,28313.8246512
1050,20190515.0.10,78,72,41040,3.575,31159.26277794
1051,20190515.0.10,79,72,37440,1.5964,14941.48872942
1052,20190515.0.10,79,72,37620,1.625,15921.14251464
1053,20190515.0.10,79,72,37800,1.6581500000000002,18648.602937360003
1054,20190515.0.10,79,72,37980,1.76475,19231.58596392
1055,20190515.0.10,79,72,38160,1.7875,19976.732422020003
1056,20190515.0.10,79,72,38340,1.82,20626.63130682
1057,20190515.0.10,79,72,38520,1.885,20032.56024858
1058,20190515.0.10,79,72,38700,1.95975,21553.637260320003
1059,20190515.0.10,79,72,38880,2.015,22064.775084
1060,20190515.0.10,79,72,39060,2.0865,23078.811115800003
1061,20190515.0.10,79,72,39240,2.145,23992.13986686
1062,20190515.0.10,79,72,39420,2.1567,21722.74915536
1063,20190515.0.10,79,72,39600,2.27825,22743.52531308
1064,20190515.0.10,79,72,39780,2.34,26439.12749808
1065,20190515.0.10,79,72,39960,2.47,25224.02753904
1066,20190515.0.10,79,72,40140,2.535,26346.65200398
1067,20190515.0.10,79,72,40320,2.66955,30124.51740936
1068,20190515.0.10,79,72,40500,2.8028,31989.237821640003
1069,20190515.0.10,79,72,40680,2.9250000000000003,30134.216376
1070,20190515.0.10,79,72,40860,2.9328,31968.00067626
1071,20190515.0.10,79,72,41040,2.99,36103.7385621
1072,20190515.0.10,79,72,41220,3.12,40256.21959128
1073,20190515.0.10,79,72,41400,3.185,38096.02296324
1074,20190515.0.10,79,72,41580,3.315,43757.7339771
1075,20190515.0.10,79,72,41760,3.4450000000000003,47269.30032594
1076,20190515.0.10,79,72,41940,3.575,50914.34997462
1077,20190515.0.10,80,73,38160,1.755,22463.90003286
1078,20190515.0.10,80,73,38340,1.755,22305.49020018
1079,20190515.0.10,80,73,38520,1.8499,22102.73918028
1080,20190515.0.10,80,73,38700,1.911,23328.3121335
1081,20190515.0.10,80,73,38880,1.95,24009.67771092
1082,20190515.0.10,80,73,39060,2.0429500000000003,25290.89481204
1083,20190515.0.10,80,73,39240,2.10665,25501.80366558
1084,20190515.0.10,80,73,39420,2.236,23440.85184474
1085,20190515.0.10,80,73,39600,2.2971000000000004,22753.26036918
1086,20190515.0.10,80,73,39780,2.42125,26299.12658076
1087,20190515.0.10,80,73,39960,2.48235,24928.82654724
1088,20190515.0.10,80,73,40140,2.54735,25998.207511320004
1089,20190515.0.10,80,73,40320,2.68385,28249.238651040003
1090,20190515.0.10,80,73,40500,2.795,30066.48089478
1091,20190515.0.10,80,73,40680,2.99,28066.069747980004
1092,20190515.0.10,80,73,40860,3.055,29505.13677738
1093,20190515.0.10,80,73,41040,3.185,31762.76453064
1094,20190515.0.10,80,73,41220,3.3852,34348.842154440004
1095,20190515.0.10,80,73,41400,3.45345,31702.9245192
1096,20190515.0.10,80,73,41580,3.5841000000000003,35298.567414
1097,20190515.0.10,84,78,41220,2.0501,17009.234942040002
1098,20190515.0.10,84,78,41400,2.1677500000000003,15475.76798328
1099,20190515.0.10,84,78,41580,2.2243,17904.65984802
1100,20190515.0.10,84,78,41760,2.28865,18921.32497926
1101,20190515.0.10,84,78,41940,2.34,19760.81501196
1102,20190515.0.10,84,78,42120,2.4108500000000004,20774.24111466
1103,20190515.0.10,84,78,42300,2.405,20781.631761660003
1104,20190515.0.10,84,78,42480,2.47,22532.95915002
1105,20190515.0.10,84,78,42660,2.535,24094.93753854
1106,20190515.0.10,84,78,42840,2.665,23394.86979588
1107,20190515.0.10,84,78,43020,2.73,24489.936670320003
1108,20190515.0.10,84,78,43200,2.795,27151.95514284
1109,20190515.0.10,84,78,43380,2.795,28084.36290462
1110,20190515.0.10,84,78,43560,2.8600000000000003,29644.83389736
1111,20190515.0.10,84,78,43740,2.99,31347.13625406
1112,20190515.0.10,84,78,43920,3.0615,29184.3124353
1113,20190515.0.10,84,78,44100,3.12,34320.8289699
1114,20190515.0.10,84,78,44280,3.2584500000000003,35564.43508992001
1115,20190515.0.10,84,78,44460,3.4450000000000003,36659.23491582
1116,20190515.0.10,84,78,44640,3.4450000000000003,33574.429971720005
1117,20190515.0.10,84,78,44820,3.65235,33914.01191904
1118,20190515.0.10,84,78,45000,3.78365,35666.18215578
1119,20190515.0.10,84,78,45180,3.97735,36377.30137338
1120,20190515.0.10,85,78,41220,1.56,16434.40334778
1121,20190515.0.10,85,78,41400,1.66725,15296.601232440002
1122,20190515.0.10,85,78,41580,1.7199000000000002,17172.6219027
1123,20190515.0.10,85,78,41760,1.911,18618.124411260003
1124,20190515.0.10,85,78,41940,1.92075,19580.68181718
1125,20190515.0.10,85,78,42120,1.98445,20948.8079493
1126,20190515.0.10,85,78,42300,2.0579,21494.373417000003
1127,20190515.0.10,85,78,42480,2.1606,23520.63154122
1128,20190515.0.10,85,78,42660,2.1736,24308.08561962
1129,20190515.0.10,85,78,42840,2.24705,24097.763267820003
1130,20190515.0.10,85,78,43020,2.36405,24983.59100292
1131,20190515.0.10,85,78,43200,2.36925,26779.5600138
1132,20190515.0.10,85,78,43380,2.4934,27700.94842614
1133,20190515.0.10,85,78,43560,2.55775,27728.80547184
1134,20190515.0.10,85,78,43740,2.6897,28440.55328202
1135,20190515.0.10,85,78,43920,2.82035,26934.0827778
1136,20190515.0.10,85,78,44100,3.0082,31490.23801572
1137,20190515.0.10,85,78,44280,3.08165,32349.755966220004
1138,20190515.0.10,85,78,44460,3.27015,32697.42769854
1139,20190515.0.10,85,78,44640,3.39495,30905.29676322
1140,20190515.0.10,85,78,44820,3.5321,32262.83018046
1141,20190515.0.10,85,78,45000,3.705,34345.82770146
1142,20190515.0.10,92,85,45180,1.859,16875.48000402
1143,20190515.0.10,92,85,45360,1.9175,17783.66398248
1144,20190515.0.10,92,85,45540,2.02995,18055.37026854
1145,20190515.0.10,92,85,45720,2.1086,17511.08727654
1146,20190515.0.10,92,85,45900,2.1736,18395.090499060003
1147,20190515.0.10,92,85,46080,2.2386,18762.55119486
1148,20190515.0.10,92,85,46260,2.34,20647.3197645
1149,20190515.0.10,92,85,46440,2.47,22519.28616696
1150,20190515.0.10,92,85,46620,2.5506,21373.38348948
1151,20190515.0.10,92,85,46800,2.665,24114.3180201
1152,20190515.0.10,92,85,46980,2.7482,24463.50053004
1153,20190515.0.10,92,85,47160,2.82295,23418.64632096
1154,20190515.0.10,92,85,47340,2.99,27786.297720060003
1155,20190515.0.10,92,85,47520,3.12455,27882.46363122
1156,20190515.0.10,92,85,47700,3.20125,27598.0695705
1157,20190515.0.10,92,85,47880,3.3839,29077.20733698
1158,20190515.0.10,93,85,45180,1.885,17670.87541098
1159,20190515.0.10,93,85,45360,2.03515,19067.49194328
1160,20190515.0.10,93,85,45540,2.1658,19790.40571002
1161,20190515.0.10,93,85,45720,2.2386,19165.47222744
1162,20190515.0.10,93,85,45900,2.3062,19747.96665534
1163,20190515.0.10,93,85,46080,2.3699000000000003,19990.60247448
1164,20190515.0.10,93,85,46260,2.55255,22122.98666226
1165,20190515.0.10,93,85,46440,2.61495,23314.4529651
1166,20190515.0.10,93,85,46620,2.7482,22874.9640867
1167,20190515.0.10,93,85,46800,2.8795,25390.46061684
1168,20190515.0.10,93,85,46980,3.0095,26215.93491066
1169,20190515.0.10,93,85,47160,3.1369,25002.47814372
1170,20190515.0.10,93,85,47340,3.3306000000000004,29508.29705934
1171,20190515.0.10,93,85,47520,3.4450000000000003,28493.825665140004
1172,20190515.0.10,94,84,45360,2.2893,19959.64971462
1173,20190515.0.10,94,84,45540,2.34,19894.36105206
1174,20190515.0.10,94,84,45720,2.34975,18334.08705546
1175,20190515.0.10,94,84,45900,2.41735,20124.864926100003
1176,20190515.0.10,94,84,46080,2.55255,20169.80788086
1177,20190515.0.10,94,84,46260,2.6143,21026.61707256
1178,20190515.0.10,94,84,46440,2.7404,22546.59540012
1179,20190515.0.10,94,84,46620,2.80475,20891.81994372
1180,20190515.0.10,94,84,46800,2.93735,23516.36393436
1181,20190515.0.10,94,84,46980,3.0056000000000003,23381.62613226
1182,20190515.0.10,94,84,47160,3.07125,21794.66043084
1183,20190515.0.10,94,84,47340,3.1980000000000004,25401.94128252
1184,20190515.0.10,94,84,47520,3.3228,25007.33319678
1185,20190515.0.10,94,84,47700,3.38,24536.031274260004
1186,20190515.0.10,94,84,47880,3.5828,25382.89723662
1187,20190515.0.10,94,84,48060,3.7115,27204.497240580004
1188,20190515.0.10,94,84,48240,3.8428,29105.047041840004
1189,20190515.0.10,94,84,48420,4.09825,29276.0661897
1190,20190515.0.10,94,84,48600,4.22825,31030.46531046
1191,20190515.0.10,94,84,48780,4.303649999999999,33193.90772874
1192,20190515.0.10,95,84,45360,1.755,18940.7879991
1193,20190515.0.10,95,84,45540,1.82,19181.18704788
1194,20190515.0.10,95,84,45720,1.8967,18408.93000012
1195,20190515.0.10,95,84,45900,1.9981,18440.8947558
1196,20190515.0.10,95,84,46080,2.0943,18861.4839501
1197,20190515.0.10,95,84,46260,2.145,19812.30305868
1198,20190515.0.10,95,84,46440,2.2828,20617.0161912
1199,20190515.0.10,95,84,46620,2.3595,19282.41373608
1200,20190515.0.10,95,84,46800,2.41995,21585.861956340003
1201,20190515.0.10,95,84,46980,2.4271000000000003,20731.79820294
1202,20190515.0.10,95,84,47160,2.561,19892.69034786
1203,20190515.0.10,95,84,47340,2.73,23221.92173994
1204,20190515.0.10,95,84,47520,2.8626,23166.41347152
1205,20190515.0.10,95,84,47700,2.93865,21966.85919142
1206,20190515.0.10,95,84,47880,2.99,22667.873526540003
1207,20190515.0.10,95,84,48060,3.1375500000000005,24330.89533248
1208,20190515.0.10,95,84,48240,3.25,25687.04804622
1209,20190515.0.10,95,84,48420,3.3910500000000003,26766.40073382
1210,20190515.0.10,95,84,48600,3.52235,26892.147569760004
1211,20190515.0.10,95,84,48780,3.705,29220.73320474
1212,20190515.0.10,95,84,48960,3.9104,33666.27098274
1213,20190515.0.12,101,98,44820,1.5197,8960.76294498
1214,20190515.0.12,101,98,45000,1.495,9466.08984684
1215,20190515.0.12,101,98,45180,1.56,9921.07548828
1216,20190515.0.12,101,98,45360,1.6731,10708.272245880002
1217,20190515.0.12,101,98,45540,1.7420000000000002,11403.08448246
1218,20190515.0.12,101,98,45720,1.8226,12187.02169872
1219,20190515.0.12,101,98,45900,1.8824,12763.43199648
1220,20190515.0.12,101,98,46080,1.9357,13493.35325646
1221,20190515.0.12,101,98,46260,1.9864,14603.36308992
1222,20190515.0.12,101,98,46440,2.0507500000000003,15710.13496008
1223,20190515.0.12,101,98,46620,2.0579,14039.18420454
1224,20190515.0.12,101,98,46800,2.2243,16575.97463082
1225,20190515.0.12,101,98,46980,2.2997,16886.61727038
1226,20190515.0.12,101,98,47160,2.44075,16041.552537780002
1227,20190515.0.12,101,98,47340,2.4973,18501.175737
1228,20190515.0.12,101,98,47520,2.62145,18773.250594120003
1229,20190515.0.12,101,98,47700,2.68645,19346.79838014
1230,20190515.0.12,101,98,47880,2.73715,20273.3533233
1231,20190515.0.12,101,98,48060,2.8847000000000005,22148.41705956
1232,20190515.0.12,101,98,48240,2.9991000000000003,24091.4376252
1233,20190515.0.12,101,98,48420,3.0758,24460.569502380004
1234,20190515.0.12,102,98,44820,1.4339,9233.05123026
1235,20190515.0.12,102,98,45000,1.4300000000000002,9503.19948006
1236,20190515.0.12,102,98,45180,1.56,10586.73807774
1237,20190515.0.12,102,98,45360,1.5925,11095.1204661
1238,20190515.0.12,102,98,45540,1.6315000000000002,10766.25324522
1239,20190515.0.12,102,98,45720,1.73355,11187.71423352
1240,20190515.0.12,102,98,45900,1.79725,11778.62515038
1241,20190515.0.12,102,98,46080,1.8837,12603.87519732
1242,20190515.0.12,102,98,46260,1.9266,14010.54919308
1243,20190515.0.12,102,98,46440,2.0475,15774.714780660002
1244,20190515.0.12,102,98,46620,2.0605,15313.18144356
1245,20190515.0.12,102,98,46800,2.15995,18486.51086898
1246,20190515.0.12,102,98,46980,2.21,19225.5819525
1247,20190515.0.12,102,98,47160,2.275,18599.180218740003
1248,20190515.0.12,102,98,47340,2.4108500000000004,21740.31271566
1249,20190515.0.12,102,98,47520,2.50705,21054.66056694
1250,20190515.0.12,102,98,47700,2.56945,20052.40557672
1251,20190515.0.12,102,98,47880,2.69165,21120.23702844
1252,20190515.0.12,102,98,48060,2.873,22811.28435036
1253,20190515.0.12,102,98,48240,2.9965,23449.22614782
1254,20190515.0.12,102,98,48420,3.2526,25048.87786764
1255,20190515.0.12,102,98,48600,3.38,25896.94554942
1256,20190515.0.12,103,97,45180,1.885,12220.86318354
1257,20190515.0.12,103,97,45360,2.015,13554.43079364
1258,20190515.0.12,103,97,45540,2.015,13990.88158182
1259,20190515.0.12,103,97,45720,2.08,13977.34386246
1260,20190515.0.12,103,97,45900,2.08,14634.08291466
1261,20190515.0.12,103,97,46080,2.21,15774.35653134
1262,20190515.0.12,103,97,46260,2.21,17054.48549772
1263,20190515.0.12,103,97,46440,2.275,18374.18393052
1264,20190515.0.12,103,97,46620,2.34,16562.4024258
1265,20190515.0.12,103,97,46800,2.48235,19266.89202108
1266,20190515.0.12,103,97,46980,2.5519,19493.1379566
1267,20190515.0.12,103,97,47160,2.6130000000000004,18765.4530987
1268,20190515.0.12,103,97,47340,2.74105,22139.81702856
1269,20190515.0.12,103,97,47520,2.8080000000000003,22207.71148398
1270,20190515.0.12,103,97,47700,2.9393,22988.2335705
1271,20190515.0.12,103,97,47880,3.0082,23992.47161586
1272,20190515.0.12,103,97,48060,3.1330000000000005,26617.4449497
1273,20190515.0.12,103,97,48240,3.32345,28536.54836868
1274,20190515.0.12,103,97,48420,3.4502,29332.05426954
1275,20190515.0.12,104,97,45180,1.6211000000000002,11775.05935254
1276,20190515.0.12,104,97,45360,1.7095,13167.96267798
1277,20190515.0.12,104,97,45540,1.6887,13310.459284320004
1278,20190515.0.12,104,97,45720,1.8018,13490.89542108
1279,20190515.0.12,104,97,45900,1.85315,13535.5152933
1280,20190515.0.12,104,97,46080,1.9084,14236.45944534
1281,20190515.0.12,104,97,46260,1.91425,15161.240478780002
1282,20190515.0.12,104,97,46440,1.9812,16366.293109980004
1283,20190515.0.12,104,97,46620,2.1177,15840.14762286
1284,20190515.0.12,104,97,46800,2.145,18140.78259576
1285,20190515.0.12,104,97,46980,2.275,18675.25512534
1286,20190515.0.12,104,97,47160,2.3595,18012.9588606
1287,20190515.0.12,104,97,47340,2.4219,21520.61373726
1288,20190515.0.12,104,97,47520,2.47,22239.35551332
1289,20190515.0.12,104,97,47700,2.535,22935.390338520003
1290,20190515.0.12,104,97,47880,2.67215,23695.5836601
1291,20190515.0.12,104,97,48060,2.80215,26199.96891138
1292,20190515.0.12,104,97,48240,2.94385,28407.895136280003
1293,20190515.0.12,104,97,48420,3.055,28316.43016092
1294,20190515.0.12,104,97,48600,3.185,29356.58888316
1295,20190515.0.12,107,103,48600,1.885,15312.872611080002
1296,20190515.0.12,107,103,48780,1.885,16114.24156716
1297,20190515.0.12,107,103,48960,1.885,18862.63819308
1298,20190515.0.12,107,103,49140,1.95,16918.64609886
1299,20190515.0.12,107,103,49320,2.08,17688.57829794
1300,20190515.0.12,107,103,49500,2.08,19219.93254522
1301,20190515.0.12,107,103,49680,2.145,18506.5846416
1302,20190515.0.12,107,103,49860,2.21,17903.21458662
1303,20190515.0.12,107,103,50040,2.34,19219.96635372
1304,20190515.0.12,107,103,50220,2.405,18944.62097814
1305,20190515.0.12,107,103,50400,2.47,18804.12539742
1306,20190515.0.12,107,103,50580,2.535,21307.3647039
1307,20190515.0.12,107,103,50760,2.6734500000000003,22396.03283808
1308,20190515.0.12,107,103,50940,2.7384500000000003,20322.01543482
1309,20190515.0.12,107,103,51120,2.8717,22725.2469906
1310,20190515.0.12,107,103,51300,2.9419,22348.34815554
1311,20190515.0.12,107,103,51480,3.1278,23670.17981856
1312,20190515.0.12,107,103,51660,3.19995,25762.91875542
1313,20190515.0.12,107,103,51840,3.3865000000000003,25560.25543368
1314,20190515.0.12,107,103,52020,3.51325,26030.53257354
1315,20190515.0.12,107,103,52200,3.64,28324.30865022
1316,20190515.0.12,108,103,48600,1.56,14915.078119260002
1317,20190515.0.12,108,103,48780,1.625,16394.09832522
1318,20190515.0.12,108,103,48960,1.66205,18287.02511064
1319,20190515.0.12,108,103,49140,1.77385,16943.65484328
1320,20190515.0.12,108,103,49320,1.8304,17364.457018260004
1321,20190515.0.12,108,103,49500,1.85185,19305.481349880003
1322,20190515.0.12,108,103,49680,1.91425,18829.71044658
1323,20190515.0.12,108,103,49860,1.93115,18193.781523060003
1324,20190515.0.12,108,103,50040,2.0449,19577.47997304
1325,20190515.0.12,108,103,50220,2.12485,19524.78861696
1326,20190515.0.12,108,103,50400,2.25745,19742.76990576
1327,20190515.0.12,108,103,50580,2.36405,22400.93349252
1328,20190515.0.12,108,103,50760,2.37445,22066.44957
1329,20190515.0.12,108,103,50940,2.48755,21304.826575560004
1330,20190515.0.12,108,103,51120,2.6117,24989.81425776
1331,20190515.0.12,108,103,51300,2.7456,24877.6191378
1332,20190515.0.12,108,103,51480,2.8665000000000003,26233.084516320003
1333,20190515.0.12,108,103,51660,2.93995,28543.326670980005
1334,20190515.0.12,108,103,51840,3.0069,28181.12172678001
1335,20190515.0.12,111,104,48780,1.56,15428.54928384
1336,20190515.0.12,111,104,48960,1.625,17700.57085698
1337,20190515.0.12,111,104,49140,1.625,15643.18885932
1338,20190515.0.12,111,104,49320,1.69,16067.431506060002
1339,20190515.0.12,111,104,49500,1.82,18273.2595804
1340,20190515.0.12,111,104,49680,1.9045,17920.38873636
1341,20190515.0.12,111,104,49860,1.95,17446.44937464
1342,20190515.0.12,111,104,50040,2.08,18596.459079
1343,20190515.0.12,111,104,50220,2.1684,18333.40000932
1344,20190515.0.12,111,104,50400,2.2971000000000004,18422.82907146
1345,20190515.0.12,111,104,50580,2.42125,21025.78659324
1346,20190515.0.12,111,104,50760,2.48625,21525.89188464
1347,20190515.0.12,111,104,50940,2.6117,20756.9560968
1348,20190515.0.12,111,104,51120,2.74235,23962.645272060003
1349,20190515.0.12,111,104,51300,2.81645,23923.7158446
1350,20190515.0.12,111,104,51480,3.0101500000000003,25456.02083838
1351,20190515.0.12,111,104,51660,3.19475,27507.93263856
1352,20190515.0.12,112,104,48780,1.65295,15549.459453
1353,20190515.0.12,112,104,48960,1.67505,16749.60053184
1354,20190515.0.12,112,104,49140,1.7251,14860.64209608
1355,20190515.0.12,112,104,49320,1.846,15534.918982440002
1356,20190515.0.12,112,104,49500,1.90775,17283.47825358
1357,20190515.0.12,112,104,49680,1.97535,16712.23751604
1358,20190515.0.12,112,104,49860,2.015,16787.26809738
1359,20190515.0.12,112,104,50040,2.17165,17826.68702628
1360,20190515.0.12,112,104,50220,2.24445,17727.40351404
1361,20190515.0.12,112,104,50400,2.3777,18110.31370632
1362,20190515.0.12,112,104,50580,2.535,20609.12508138
1363,20190515.0.12,112,104,50760,2.6806,21072.03833196
1364,20190515.0.12,112,104,50940,2.74365,19845.898193880003
1365,20190515.0.12,112,104,51120,2.93865,22854.18742794
1366,20190515.0.12,112,104,51300,3.12,22791.65542632
1367,20190515.0.12,112,104,51480,3.315,24427.0252017
1368,20190515.0.12,112,104,51660,3.51,26768.20883022
1369,20190515.0.12,121,107,52380,2.0384,15303.99778578
1370,20190515.0.12,121,107,52560,2.0286500000000003,16580.16633834
1371,20190515.0.12,121,107,52740,2.015,16889.81471496
1372,20190515.0.12,121,107,52920,2.145,16494.203676060002
1373,20190515.0.12,121,107,53100,2.145,17661.66269076
1374,20190515.0.12,121,107,53280,2.2334,17681.0972877
1375,20190515.0.12,121,107,53460,2.2893,18435.3054732
1376,20190515.0.12,121,107,53640,2.4128,20884.37941656
1377,20190515.0.12,121,107,53820,2.3595,23274.1616283
1378,20190515.0.12,121,107,54000,2.47715,23279.79484908
1379,20190515.0.12,121,107,54180,2.55385,25045.845721380003
1380,20190515.0.12,121,107,54360,2.6767,24976.48242078
1381,20190515.0.12,121,107,54540,2.74495,26770.34555712
1382,20190515.0.12,121,107,54720,2.9315,25660.76605488
1383,20190515.0.12,121,107,54900,3.0608500000000003,27984.0921921
1384,20190515.0.12,121,107,55080,3.13235,27986.86430694
1385,20190515.0.12,121,107,55260,3.19735,29228.425227540003
1386,20190515.0.12,121,107,55440,3.3325500000000003,29192.09268888
1387,20190515.0.12,121,107,55620,3.5243,30155.32475406
1388,20190515.0.12,121,107,55800,3.70695,30922.692067080003
1389,20190515.0.12,121,107,55980,3.83825,31615.14508218
1390,20190515.0.12,122,107,52380,1.7173000000000005,15040.92721032
1391,20190515.0.12,122,107,52560,1.7836,16316.02280088
1392,20190515.0.12,122,107,52740,1.82,17048.623646340002
1393,20190515.0.12,122,107,52920,1.82,16220.843735580002
1394,20190515.0.12,122,107,53100,1.885,17264.733643080002
1395,20190515.0.12,122,107,53280,1.95,17279.40966642
1396,20190515.0.12,122,107,53460,2.015,17656.57627668
1397,20190515.0.12,122,107,53640,2.08,19632.46717476
1398,20190515.0.12,122,107,53820,2.21,21585.0164112
1399,20190515.0.12,122,107,54000,2.275,20489.87664306
1400,20190515.0.12,122,107,54180,2.405,22568.48165286
1401,20190515.0.12,122,107,54360,2.535,22298.16516642
1402,20190515.0.12,122,107,54540,2.6,24000.25053096
1403,20190515.0.12,122,107,54720,2.73,22980.66556104
1404,20190515.0.12,122,107,54900,2.9250000000000003,24720.10177626
1405,20190515.0.12,122,107,55080,3.12,25462.144635840003
1406,20190515.0.12,122,107,55260,3.3189,26805.203649180003
1407,20190515.0.12,122,107,55440,3.4489,27920.74355334
1408,20190515.0.12,122,107,55620,3.51,28437.441135840003
1409,20190515.0.12,122,107,55800,3.70955,30675.706698780003
1410,20190515.0.12,125,122,55980,1.90905,15907.78270818
1411,20190515.0.12,125,122,56160,1.95,16901.46733176
1412,20190515.0.12,125,122,56340,1.99225,17291.219938740003
1413,20190515.0.12,125,122,56520,2.11055,18412.769602260003
1414,20190515.0.12,125,122,56700,2.1749,18441.25423272
1415,20190515.0.12,125,122,56880,2.2958000000000003,19542.5364717
1416,20190515.0.12,125,122,57060,2.3582,19009.29798306
1417,20190515.0.12,125,122,57240,2.4934,20302.41101328
1418,20190515.0.12,125,122,57420,2.6,20953.62807318
1419,20190515.0.12,125,122,57600,2.6,21683.38769388
1420,20190515.0.12,125,122,57780,2.74495,23015.5211385
1421,20190515.0.12,125,122,57960,2.795,23737.71810168
1422,20190515.0.12,125,122,58140,2.8600000000000003,24918.21544806
1423,20190515.0.12,125,122,58320,2.8600000000000003,26327.361863880004
1424,20190515.0.12,125,122,58500,2.99,28394.13531834
1425,20190515.0.12,125,122,58680,3.055,28794.7972818
1426,20190515.0.12,125,122,58860,3.1941,30097.02442824
1427,20190515.0.12,125,122,59040,3.3858500000000005,32257.937887560005
1428,20190515.0.12,125,122,59220,3.4528,33487.1562069
1429,20190515.0.12,125,122,59400,3.6569,34757.23753656
1430,20190515.0.12,125,122,59580,3.835,38177.105994720005
1431,20190515.0.12,125,122,59760,3.97215,39126.0814956
1432,20190515.0.12,126,122,55980,1.82,15584.847767280002
1433,20190515.0.12,126,122,56160,1.885,16986.0953592
1434,20190515.0.12,126,122,56340,1.95,17677.173050460002
1435,20190515.0.12,126,122,56520,1.99225,17640.38025486
1436,20190515.0.12,126,122,56700,2.11315,18427.99064832
1437,20190515.0.12,126,122,56880,2.1762,18982.44481914
1438,20190515.0.12,126,122,57060,2.21975,19241.85119868
1439,20190515.0.12,126,122,57240,2.275,19915.41154086
1440,20190515.0.12,126,122,57420,2.41865,21039.9932358
1441,20190515.0.12,126,122,57600,2.55125,22617.702399600003
1442,20190515.0.12,126,122,57780,2.6156,24245.8717446
1443,20190515.0.12,126,122,57960,2.73,25062.94658736
1444,20190515.0.12,126,122,58140,2.8600000000000003,26186.43503916
1445,20190515.0.12,126,122,58320,2.9958500000000003,27728.76004866
1446,20190515.0.12,126,122,58500,3.12,29289.41968194
1447,20190515.0.12,126,122,58680,3.315,30096.4398966
1448,20190515.0.12,126,122,58860,3.4450000000000003,31719.29975874
1449,20190515.0.12,127,121,56160,2.23795,16512.7704291
1450,20190515.0.12,127,121,56340,2.2945,16713.08283942
1451,20190515.0.12,127,121,56520,2.28865,17880.26924574
1452,20190515.0.12,127,121,56700,2.4128,17604.6552396
1453,20190515.0.12,127,121,56880,2.4882,18375.11596998
1454,20190515.0.12,127,121,57060,2.6117,18415.27823256
1455,20190515.0.12,127,121,57240,2.8060500000000004,19433.41867962
1456,20190515.0.12,127,121,57420,2.9360500000000003,19687.59291906
1457,20190515.0.12,127,121,57600,2.9965,20676.72260214
1458,20190515.0.12,127,121,57780,3.0056000000000003,21289.191901560003
1459,20190515.0.12,127,121,57960,3.1343,21356.35867332
1460,20190515.0.12,127,121,58140,3.2643,21847.373460000003
1461,20190515.0.12,127,121,58320,3.33645,22868.4625983
1462,20190515.0.12,127,121,58500,3.46385,23858.6335416
1463,20190515.0.12,127,121,58680,3.5919,23877.9327402
1464,20190515.0.12,127,121,58860,3.77715,24981.74682102
1465,20190515.0.12,127,121,59040,3.97085,26000.60846922
1466,20190515.0.12,128,121,56160,1.72705,15833.531419200002
1467,20190515.0.12,128,121,56340,1.7888,15888.88644948
1468,20190515.0.12,128,121,56520,1.83885,16028.2604592
1469,20190515.0.12,128,121,56700,1.9175,16309.763801100002
1470,20190515.0.12,128,121,56880,1.95,16724.57850558
1471,20190515.0.12,128,121,57060,2.015,16703.296752780003
1472,20190515.0.12,128,121,57240,2.21,17940.1344408
1473,20190515.0.12,128,121,57420,2.2958000000000003,18523.13580216
1474,20190515.0.12,128,121,57600,2.34,18660.31980714
1475,20190515.0.12,128,121,57780,2.4388,20080.38821184
1476,20190515.0.12,128,121,57960,2.5545,19686.42887112
1477,20190515.0.12,128,121,58140,2.6780000000000004,20330.0379117
1478,20190515.0.12,128,121,58320,2.75015,21380.701484340003
1479,20190515.0.12,128,121,58500,2.795,22718.96389818
1480,20190515.0.12,128,121,58680,2.95165,22872.534300000003
1481,20190515.0.12,128,121,58860,3.12975,25051.763561220003
1482,20190515.0.12,128,121,59040,3.2675500000000004,26296.105627440003
1483,20190515.0.12,128,121,59220,3.39625,28037.65312062
1484,20190515.0.12,128,121,59400,3.575,29178.56959776
1485,20190515.0.12,131,127,59220,2.16515,13187.745499500004
1486,20190515.0.12,131,127,59400,2.23015,13005.67363524
1487,20190515.0.12,131,127,59580,2.2958000000000003,14097.01254192
1488,20190515.0.12,131,127,59760,2.366,13885.243105140002
1489,20190515.0.12,131,127,59940,2.4778,14966.374204980002
1490,20190515.0.12,131,127,60120,2.4921,14580.25474752
1491,20190515.0.12,131,127,60300,2.62015,15240.1762161
1492,20190515.0.12,131,127,60480,2.7976,15930.9157788
1493,20190515.0.12,131,127,60660,2.8710500000000003,15949.96209576
1494,20190515.0.12,131,127,60840,2.9445,16825.101444360003
1495,20190515.0.12,131,127,61020,3.0654,18139.17977982
1496,20190515.0.12,131,127,61200,3.19995,19530.21005298
1497,20190515.0.12,131,127,61380,3.3878,20539.94327352
1498,20190515.0.12,131,127,61560,3.51845,21975.00213348
1499,20190515.0.12,131,127,61740,3.71215,24406.5610998
1500,20190515.0.12,131,127,61920,3.78365,25295.45376204
1501,20190515.0.12,131,127,62100,3.90195,27408.88876572
1502,20190515.0.12,132,127,59220,1.82,13800.09069252
1503,20190515.0.12,132,127,59400,1.885,13926.14516898
1504,20190515.0.12,132,127,59580,2.015,14508.594381600002
1505,20190515.0.12,132,127,59760,2.08,14622.447157560002
1506,20190515.0.12,132,127,59940,2.145,15535.764891900002
1507,20190515.0.12,132,127,60120,2.275,15618.39858414
1508,20190515.0.12,132,127,60300,2.405,16731.04891194
1509,20190515.0.12,132,127,60480,2.5467,16915.3356537
1510,20190515.0.12,132,127,60660,2.6175500000000005,16994.12764302
1511,20190515.0.12,132,127,60840,2.7521000000000004,18310.27712184
1512,20190515.0.12,132,127,61020,2.87495,18944.54995158
1513,20190515.0.12,132,127,61200,3.12585,20387.06524008
1514,20190515.0.12,132,127,61380,3.25585,21117.82371138
1515,20190515.0.12,132,127,61560,3.40145,23149.42592688
1516,20190515.0.12,132,127,61740,3.6491,25297.6324293
1517,20190515.0.12,132,127,61920,3.77,26592.77696526
1518,20190515.0.12,133,128,59580,1.755,15037.183953000002
1519,20190515.0.12,133,128,59760,1.82,15317.335843920002
1520,20190515.0.12,133,128,59940,1.90905,16367.007028680002
1521,20190515.0.12,133,128,60120,1.95,16583.148616320002
1522,20190515.0.12,133,128,60300,2.0995,17990.97530472
1523,20190515.0.12,133,128,60480,2.15735,18752.730299820003
1524,20190515.0.12,133,128,60660,2.21,19353.66839802
1525,20190515.0.12,133,128,60840,2.28995,20770.15602024
1526,20190515.0.12,133,128,61020,2.405,21797.78526684
1527,20190515.0.12,133,128,61200,2.54475,22871.85085944
1528,20190515.0.12,133,128,61380,2.73,24021.44412822
1529,20190515.0.12,133,128,61560,2.795,25012.24801218
1530,20190515.0.12,133,128,61740,2.9250000000000003,25971.43609764
1531,20190515.0.12,133,128,61920,3.12,26799.138849780004
1532,20190515.0.12,133,128,62100,3.25,26811.15150978
1533,20190515.0.12,133,128,62280,3.4450000000000003,27869.77907604001
1534,20190515.0.12,133,128,62460,3.64455,29105.369627400003
1535,20190515.0.12,133,128,62640,3.835,30955.34627064
1536,20190515.0.12,139,131,62280,2.08,15268.06689012
1537,20190515.0.12,139,131,62460,2.1684,15899.73271326
1538,20190515.0.12,139,131,62640,2.21,16751.4898914
1539,20190515.0.12,139,131,62820,2.275,17503.608076020002
1540,20190515.0.12,139,131,63000,2.34,17172.4730562
1541,20190515.0.12,139,131,63180,2.47,18119.55790458
1542,20190515.0.12,139,131,63360,2.49275,18439.37720856
1543,20190515.0.12,139,131,63540,2.61235,19556.65279656
1544,20190515.0.12,139,131,63720,2.6806,19716.94750806
1545,20190515.0.12,139,131,63900,2.7534,20936.91207762
1546,20190515.0.12,139,131,64080,2.8769,21521.91740292
1547,20190515.0.12,139,131,64260,2.9445,22395.29126868
1548,20190515.0.12,139,131,64440,3.003,23120.82137772
1549,20190515.0.12,139,131,64620,3.12585,23946.19477668
1550,20190515.0.12,139,131,64800,3.1408,25421.440138380003
1551,20190515.0.12,139,131,64980,3.26495,27186.96300804
1552,20190515.0.12,139,131,65160,3.32865,29154.51468468
1553,20190515.0.12,139,131,65340,3.5282,29425.26015
1554,20190515.0.12,139,131,65520,3.653000000000001,31179.262653000005
1555,20190515.0.12,139,131,65700,3.77,32775.4248921
1556,20190515.0.12,140,131,62280,1.82,14522.731262820002
1557,20190515.0.12,140,131,62460,1.86615,14554.6669026
1558,20190515.0.12,140,131,62640,1.924,14920.92287136
1559,20190515.0.12,140,131,62820,1.9864,16136.29251036
1560,20190515.0.12,140,131,63000,2.09625,16075.69478262
1561,20190515.0.12,140,131,63180,2.1092500000000003,16339.691354580002
1562,20190515.0.12,140,131,63360,2.145,17029.43834922
1563,20190515.0.12,140,131,63540,2.275,17802.91567296
1564,20190515.0.12,140,131,63720,2.35885,17639.065724940003
1565,20190515.0.12,140,131,63900,2.47,18815.25674358
1566,20190515.0.12,140,131,64080,2.561,18782.0513496
1567,20190515.0.12,140,131,64260,2.6884,19503.0786951
1568,20190515.0.12,140,131,64440,2.7469,20134.46797164
1569,20190515.0.12,140,131,64620,2.8743,21073.92552144
1570,20190515.0.12,140,131,64800,2.9250000000000003,22350.28648248
1571,20190515.0.12,140,131,64980,3.055,23328.11602044
1572,20190515.0.12,140,131,65160,3.2032000000000003,25041.8230722
1573,20190515.0.12,140,131,65340,3.3943,26415.83607498
1574,20190515.0.12,140,131,65520,3.51,27711.93676086
1575,20190515.0.12,145,140,65700,1.82,14583.2664384
1576,20190515.0.12,145,140,65880,1.82,15295.0190085
1577,20190515.0.12,145,140,66060,1.885,15660.16984224
1578,20190515.0.12,145,140,66240,1.989,16837.745890680002
1579,20190515.0.12,145,140,66420,2.08,17404.50192228
1580,20190515.0.12,145,140,66600,2.1216,18278.70368742
1581,20190515.0.12,145,140,66780,2.2418500000000003,20009.0527263
1582,20190515.0.12,145,140,66960,2.35885,20540.12783922
1583,20190515.0.12,145,140,67140,2.405,20836.98815814
1584,20190515.0.12,145,140,67320,2.535,21481.08988212
1585,20190515.0.12,145,140,67500,2.6871000000000005,23258.5252119
1586,20190515.0.12,145,140,67680,2.87235,23758.129163340003
1587,20190515.0.12,145,140,67860,2.94645,25605.0719694
1588,20190515.0.12,145,140,68040,3.0706,26502.70620096
1589,20190515.0.12,145,140,68220,3.2006,29287.60045398
1590,20190515.0.12,145,140,68400,3.315,30351.60920088
1591,20190515.0.12,145,140,68580,3.46385,33758.77220298
1592,20190515.0.12,146,140,65700,1.76605,14084.39433654
1593,20190515.0.12,146,140,65880,1.85055,15017.810714280002
1594,20190515.0.12,146,140,66060,1.9188,15575.1824448
1595,20190515.0.12,146,140,66240,1.97405,16636.52378916
1596,20190515.0.12,146,140,66420,2.03905,16628.22890982
1597,20190515.0.12,146,140,66600,2.1034,17438.90319072
1598,20190515.0.12,146,140,66780,2.21,17877.732323220003
1599,20190515.0.12,146,140,66960,2.3088,17862.13551672
1600,20190515.0.12,146,140,67140,2.34,18454.4490735
1601,20190515.0.12,146,140,67320,2.54475,19756.19174166
1602,20190515.0.12,146,140,67500,2.6,20601.06730902
1603,20190515.0.12,146,140,67680,2.7495,20812.3913646
1604,20190515.0.12,146,140,67860,2.94125,23762.42813736
1605,20190515.0.12,146,140,68040,3.0732000000000004,24651.88337304
1606,20190515.0.12,146,140,68220,3.2006,26930.41220826
1607,20190515.0.12,146,140,68400,3.3280000000000003,28151.5869261
1608,20190515.0.12,146,140,68580,3.5152,30446.97097266
1609,20190515.0.12,146,140,68760,3.58215,32733.638435520003
1610,20190515.0.12,147,139,65880,2.015,17120.77713918
1611,20190515.0.12,147,139,66060,2.08,17477.37386604
1612,20190515.0.12,147,139,66240,2.22495,19012.97860704
1613,20190515.0.12,147,139,66420,2.145,19073.99480382
1614,20190515.0.12,147,139,66600,2.145,19821.270500460003
1615,20190515.0.12,147,139,66780,2.21975,21432.09938166
1616,20190515.0.12,147,139,66960,2.21,22069.03250772
1617,20190515.0.12,147,139,67140,2.34,23852.59405848
1618,20190515.0.12,147,139,67320,2.34,24689.60375904
1619,20190515.0.12,147,139,67500,2.47,26696.730745080004
1620,20190515.0.12,147,139,67680,2.47,27201.70374372
1621,20190515.0.12,147,139,67860,2.535,30004.61395536
1622,20190515.0.12,147,139,68040,2.6,30742.65520128
1623,20190515.0.12,147,139,68220,2.535,32809.1868819
1624,20190515.0.12,147,139,68400,2.6,32783.561177400006
1625,20190515.0.12,147,139,68580,2.665,34797.06510588
1626,20190515.0.12,147,139,68760,2.665,35558.88341544
1627,20190515.0.12,147,139,68940,2.73,37366.13264076
1628,20190515.0.12,147,139,69120,2.795,36869.57989506
1629,20190515.0.12,147,139,69300,2.73,39763.25409078
1630,20190515.0.12,147,139,69480,2.8600000000000003,39414.62715696
1631,20190515.0.12,147,139,69660,2.9360500000000003,41451.775491060005
1632,20190515.0.12,147,139,69840,2.9250000000000003,41343.10502652
1633,20190515.0.12,147,139,70020,3.00625,42329.54589930001
1634,20190515.0.12,147,139,70200,3.12,43939.51988382
1635,20190515.0.12,147,139,70380,3.13495,45246.446354340005
1636,20190515.0.12,147,139,70560,3.19995,46619.23591314
1637,20190515.0.12,147,139,70740,3.19865,48845.26102302
1638,20190515.0.12,147,139,70920,3.20515,49434.37062102
1639,20190515.0.12,147,139,71100,3.2656,51159.25419858
1640,20190515.0.12,147,139,71280,3.33775,53778.08648124
1641,20190515.0.12,147,139,71460,3.4450000000000003,54845.89842600001
1642,20190515.0.12,147,139,71640,3.5828,55608.06496014001
1643,20190515.0.12,147,139,71820,3.6478,58060.40274738
1644,20190515.0.12,147,139,72000,3.77455,60270.0459372
1645,20190515.0.12,147,139,72180,3.77845,61954.78780062
1646,20190515.0.12,147,139,72360,3.835,63718.59389742
1647,20190515.0.12,147,139,72540,3.84735,66079.61992368
1648,20190515.0.12,147,139,72720,3.91235,69358.56596064
1649,20190515.0.12,147,139,72900,4.10475,71412.61569948001
1650,20190515.0.12,148,139,65880,1.82,17889.402288780002
1651,20190515.0.12,148,139,66060,1.755,17848.46039724
1652,20190515.0.12,148,139,66240,1.8629,19009.52568108
1653,20190515.0.12,148,139,66420,1.91555,19798.257255480003
1654,20190515.0.12,148,139,66600,1.9734,21315.817710000003
1655,20190515.0.12,148,139,66780,1.9773000000000005,22952.93389884
1656,20190515.0.12,148,139,66960,2.03645,24209.722367820003
1657,20190515.0.12,148,139,67140,2.0436,25410.042329760003
1658,20190515.0.12,148,139,67320,2.0995,26682.493339260003
1659,20190515.0.12,148,139,67500,2.145,29303.41132818
1660,20190515.0.12,148,139,67680,2.145,29093.12642016
1661,20190515.0.12,148,139,67860,2.275,31572.1124631
1662,20190515.0.12,148,139,68040,2.29645,31318.21222596
1663,20190515.0.12,148,139,68220,2.366,32919.4440432
1664,20190515.0.12,148,139,68400,2.35625,32901.42779352
1665,20190515.0.12,148,139,68580,2.4817,34986.94150446
1666,20190515.0.12,148,139,68760,2.5454,35350.720134840005
1667,20190515.0.12,148,139,68940,2.47,36976.924852560005
1668,20190515.0.12,148,139,69120,2.6,37374.88580694
1669,20190515.0.12,148,139,69300,2.67085,41152.806602820005
1670,20190515.0.12,148,139,69480,2.73,41686.7528583
1671,20190515.0.12,148,139,69660,2.73,44343.6242634
1672,20190515.0.12,148,139,69840,2.795,45626.51170044
1673,20190515.0.12,148,139,70020,2.9250000000000003,47889.93771936
1674,20190515.0.12,148,139,70200,2.9250000000000003,49690.44997686
1675,20190515.0.12,148,139,70380,2.9945500000000003,51895.98676746
1676,20190515.0.12,148,139,70560,3.055,54024.21340668
1677,20190515.0.12,148,139,70740,3.12,57249.783860940006
1678,20190515.0.12,148,139,70920,3.12,57860.54651916001
1679,20190515.0.12,148,139,71100,3.185,60533.20726992
1680,20190515.0.12,148,139,71280,3.25,63871.45681752
1681,20190515.0.12,148,139,71460,3.25,63930.396063600005
1682,20190515.0.12,157,147,73080,2.405,37842.95114424
1683,20190515.0.12,157,147,73260,2.47,40251.39288588
1684,20190515.0.12,157,147,73440,2.535,39925.92112938
1685,20190515.0.12,157,147,73620,2.6,40201.760703060005
1686,20190515.0.12,157,147,73800,2.73,38935.37189124
1687,20190515.0.12,157,147,73980,2.73,39636.32819256
1688,20190515.0.12,157,147,74160,2.8600000000000003,40746.13957854
1689,20190515.0.12,157,147,74340,2.99,41502.10764744
1690,20190515.0.12,157,147,74520,3.12,41924.63103048
1691,20190515.0.12,157,147,74700,3.185,40471.54312212
1692,20190515.0.12,157,147,74880,3.2604,42074.23789008
1693,20190515.0.12,157,147,75060,3.38,41461.41460824
1694,20190515.0.12,157,147,75240,3.51,42660.05817546
1695,20190515.0.12,157,147,75420,3.64,43027.26698358
1696,20190515.0.12,157,147,75600,3.718,43682.28230322
1697,20190515.0.12,157,147,75780,3.835,44674.57641636
1698,20190515.0.12,157,147,75960,3.97345,45000.87498126
1699,20190515.0.12,157,147,76140,4.110600000000001,45542.54512764
1700,20190515.0.12,157,147,76320,4.2978000000000005,46257.89939892
1701,20190515.0.12,157,147,76500,4.49605,47158.16232204
1702,20190515.0.12,158,147,73080,1.7134,32119.912109340003
1703,20190515.0.12,158,147,73260,1.82715,33525.18174654
1704,20190515.0.12,158,147,73440,1.83105,32801.84274114
1705,20190515.0.12,158,147,73620,1.83885,32692.52512152
1706,20190515.0.12,158,147,73800,1.9721,33252.16326894001
1707,20190515.0.12,158,147,73980,2.03385,33718.8117618
1708,20190515.0.12,158,147,74160,2.1073000000000004,34528.271789880004
1709,20190515.0.12,158,147,74340,2.1632,34902.82274292
1710,20190515.0.12,158,147,74520,2.2919,35349.69367512
1711,20190515.0.12,158,147,74700,2.3023,33913.76324094
1712,20190515.0.12,158,147,74880,2.431,36242.04753774
1713,20190515.0.12,158,147,75060,2.4869,36098.708350320005
1714,20190515.0.12,158,147,75240,2.55775,37346.73994854
1715,20190515.0.12,158,147,75420,2.7417,38548.22956974
1716,20190515.0.12,158,147,75600,2.8171000000000004,39534.33507606
1717,20190515.0.12,158,147,75780,2.9367,41046.44182452
1718,20190515.0.12,158,147,75960,3.00625,41562.35927316
1719,20190515.0.12,158,147,76140,3.1434,43147.54481202
1720,20190515.0.12,158,147,76320,3.2630000000000003,44048.82344544
1721,20190515.0.12,158,147,76500,3.38975,45229.48932744
1722,20190515.0.12,158,147,76680,3.5236500000000004,44816.97586806
1723,20190515.0.12,158,147,76860,3.6517,46107.53808606
1724,20190515.0.12,158,147,77040,3.8428,47087.35674984
1725,20190515.0.12,158,147,77220,3.97605,48683.32177896
1726,20190515.0.12,161,157,76680,2.535,23646.59825418
1727,20190515.0.12,161,157,76860,2.6,23657.87463732
1728,20190515.0.12,161,157,77040,2.665,23922.38363724
1729,20190515.0.12,161,157,77220,2.8008500000000005,26115.576701940005
1730,20190515.0.12,161,157,77400,2.86975,25820.73922032
1731,20190515.0.12,161,157,77580,2.9250000000000003,26250.207510780005
1732,20190515.0.12,161,157,77760,3.00105,27197.734380300004
1733,20190515.0.12,161,157,77940,3.1291,28041.90921972
1734,20190515.0.12,161,157,78120,3.1993,28532.65899132
1735,20190515.0.12,161,157,78300,3.26365,29096.05089996
1736,20190515.0.12,161,157,78480,3.32995,31300.11651888
1737,20190515.0.12,161,157,78660,3.5178,32406.380802180003
1738,20190515.0.12,161,157,78840,3.575,32896.05186384
1739,20190515.0.12,161,157,79020,3.7206,34629.40055916
1740,20190515.0.12,162,157,76680,2.0371,22493.05679412
1741,20190515.0.12,162,157,76860,2.0449,22815.0116964
1742,20190515.0.12,162,157,77040,2.1073000000000004,22958.87859144
1743,20190515.0.12,162,157,77220,2.16645,24245.78923998
1744,20190515.0.12,162,157,77400,2.29515,24322.41183438
1745,20190515.0.12,162,157,77580,2.3686,25041.30890184
1746,20190515.0.12,162,157,77760,2.4882,26209.703884320003
1747,20190515.0.12,162,157,77940,2.56945,26684.83399626
1748,20190515.0.12,162,157,78120,2.6325000000000003,27285.89222502
1749,20190515.0.12,162,157,78300,2.75665,28540.7469765
1750,20190515.0.12,162,157,78480,2.8925,30287.531136060003
1751,20190515.0.12,162,157,78660,3.0095,31324.82712876
1752,20190515.0.12,162,157,78840,3.14015,32517.33902406
1753,20190515.0.12,162,157,79020,3.20645,33451.5906054
1754,20190515.0.12,27,24,8640,1.5762500000000002,19006.16377968
1755,20190515.0.12,27,24,8820,1.5912000000000002,19389.34715652
1756,20190515.0.12,27,24,9000,1.5938,20463.576380280003
1757,20190515.0.12,27,24,9180,1.64905,21842.75959272
1758,20190515.0.12,27,24,9360,1.66205,22582.164718080003
1759,20190515.0.12,27,24,9540,1.69,23788.70328978
1760,20190515.0.12,27,24,9720,1.82,25380.225981
1761,20190515.0.12,27,24,9900,1.82,25658.003293560003
1762,20190515.0.12,27,24,10080,1.885,26415.22220964
1763,20190515.0.12,27,24,10260,1.95,26598.937988700003
1764,20190515.0.12,27,24,10440,2.015,26075.88774252
1765,20190515.0.12,27,24,10620,2.145,28549.75183236
1766,20190515.0.12,27,24,10800,2.2230000000000003,29048.20367922
1767,20190515.0.12,27,24,10980,2.2841,29707.063543080003
1768,20190515.0.12,27,24,11160,2.405,30428.957869200003
1769,20190515.0.12,27,24,11340,2.47,30849.2469054
1770,20190515.0.12,27,24,11520,2.535,30717.1372068
1771,20190515.0.12,27,24,11700,2.665,31942.86484356
1772,20190515.0.12,27,24,11880,2.7443,32518.432837440003
1773,20190515.0.12,27,24,12060,2.9360500000000003,35115.7160673
1774,20190515.0.12,27,24,12240,3.1239000000000003,35152.54902918
1775,20190515.0.12,27,24,12420,3.25,36916.02074556
1776,20190515.0.12,31,23,8820,1.95,16104.25595988
1777,20190515.0.12,31,23,9000,2.015,16696.50962166
1778,20190515.0.12,31,23,9180,2.08,17049.56666094
1779,20190515.0.12,31,23,9360,2.145,17537.89879116
1780,20190515.0.12,31,23,9540,2.21,18118.31430816
1781,20190515.0.12,31,23,9720,2.28215,18824.90593104
1782,20190515.0.12,31,23,9900,2.3491,19987.17523308
1783,20190515.0.12,31,23,10080,2.353,19178.30097414
1784,20190515.0.12,31,23,10260,2.5519,20002.36351212
1785,20190515.0.12,31,23,10440,2.61235,19596.613081320003
1786,20190515.0.12,31,23,10620,2.8060500000000004,21942.91328922
1787,20190515.0.12,31,23,10800,2.93475,22564.2235599
1788,20190515.0.12,31,23,10980,3.0043,22828.75141932
1789,20190515.0.12,31,23,11160,3.13105,23860.88062182
1790,20190515.0.12,31,23,11340,3.26235,24800.68384398
1791,20190515.0.12,31,23,11520,3.4541,25539.79832316
1792,20190515.0.12,31,23,11700,3.58215,27288.52142544
1793,20190515.0.12,32,23,8820,1.71015,15989.54646762
1794,20190515.0.12,32,23,9000,1.7927,16400.385486540003
1795,20190515.0.12,32,23,9180,1.8018,16766.864999280002
1796,20190515.0.12,32,23,9360,1.86225,16966.36369692
1797,20190515.0.12,32,23,9540,1.924,17457.29283672
1798,20190515.0.12,32,23,9720,2.0371,18710.035763760003
1799,20190515.0.12,32,23,9900,2.0423,19226.0463417
1800,20190515.0.12,32,23,10080,2.1027500000000003,19075.6038627
1801,20190515.0.12,32,23,10260,2.17295,19179.06052986
1802,20190515.0.12,32,23,10440,2.3127,19044.45406116
1803,20190515.0.12,32,23,10620,2.42125,20270.768680800003
1804,20190515.0.12,32,23,10800,2.49665,21394.94882184
1805,20190515.0.12,32,23,10980,2.61885,22025.5769844
1806,20190515.0.12,32,23,11160,2.6806,22782.37088952
1807,20190515.0.12,32,23,11340,2.7976,22770.756112500003
1808,20190515.0.12,32,23,11520,2.8691,23386.25103804
1809,20190515.0.12,32,23,11700,2.99845,24165.7286409
1810,20190515.0.12,35,31,11880,1.755,13508.69450634
1811,20190515.0.12,35,31,12060,1.82,13355.18023752
1812,20190515.0.12,35,31,12240,1.83885,13139.20891602
1813,20190515.0.12,35,31,12420,1.95,14157.907752780002
1814,20190515.0.12,35,31,12600,2.02605,14095.464086880002
1815,20190515.0.12,35,31,12780,2.08,14665.933188720002
1816,20190515.0.12,35,31,12960,2.21325,15447.33642474
1817,20190515.0.12,35,31,13140,2.275,15894.6977475
1818,20190515.0.12,35,31,13320,2.3458500000000004,16340.659719120002
1819,20190515.0.12,35,31,13500,2.47,17263.54533816
1820,20190515.0.12,35,31,13680,2.54475,17431.2692532
1821,20190515.0.12,35,31,13860,2.665,18241.95395088
1822,20190515.0.12,35,31,14040,2.8060500000000004,18567.49566078
1823,20190515.0.12,35,31,14220,2.9276,19653.25836474
1824,20190515.0.12,35,31,14400,3.12,20552.83398234
1825,20190515.0.12,35,31,14580,3.18955,21350.87800362
1826,20190515.0.12,35,31,14760,3.3169500000000003,23235.553154880003
1827,20190515.0.12,35,31,14940,3.51195,25206.013594080003
1828,20190515.0.12,35,31,15120,3.64,25453.45900152
1829,20190515.0.12,35,31,15300,3.7765,26405.810853840005
1830,20190515.0.12,36,31,11880,1.8395,14918.330592000002
1831,20190515.0.12,36,31,12060,1.8941,15690.695892300002
1832,20190515.0.12,36,31,12240,1.9305,15140.3016798
1833,20190515.0.12,36,31,12420,2.00395,16288.128337140002
1834,20190515.0.12,36,31,12600,2.1235500000000003,16796.25298296
1835,20190515.0.12,36,31,12780,2.1749,17003.527398000002
1836,20190515.0.12,36,31,12960,2.3068500000000003,17711.614235700003
1837,20190515.0.12,36,31,13140,2.37575,18170.18646696
1838,20190515.0.12,36,31,13320,2.4908,18594.3132243
1839,20190515.0.12,36,31,13500,2.5642500000000004,19164.2112189
1840,20190515.0.12,36,31,13680,2.69555,19643.73352524
1841,20190515.0.12,36,31,13860,2.8223000000000003,20155.04320698
1842,20190515.0.12,36,31,14040,2.9354,20062.85320908
1843,20190515.0.12,36,31,14220,3.07645,22461.280799760003
1844,20190515.0.12,36,31,14400,3.2058,23733.51809598
1845,20190515.0.12,36,31,14580,3.3891,25783.0649406
1846,20190515.0.12,37,32,11880,1.5236,12265.80324948
1847,20190515.0.12,37,32,12060,1.56,13100.086402920002
1848,20190515.0.12,37,32,12240,1.5977,12962.6083026
1849,20190515.0.12,37,32,12420,1.65555,14006.3967054
1850,20190515.0.12,37,32,12600,1.7394,14234.09692716
1851,20190515.0.12,37,32,12780,1.7953,14636.64105882
1852,20190515.0.12,37,32,12960,1.9214,15299.9742951
1853,20190515.0.12,37,32,13140,1.98315,16057.37414952
1854,20190515.0.12,37,32,13320,2.05595,16553.13146982
1855,20190515.0.12,37,32,13500,2.1606,17618.41085598
1856,20190515.0.12,37,32,13680,2.18075,18073.92203496
1857,20190515.0.12,37,32,13860,2.2373000000000003,18862.5373398
1858,20190515.0.12,37,32,14040,2.275,19502.498662020003
1859,20190515.0.12,37,32,14220,2.3569,20509.0050231
1860,20190515.0.12,37,32,14400,2.47,21957.6548862
1861,20190515.0.12,37,32,14580,2.5493,22341.49664472
1862,20190515.0.12,37,32,14760,2.6793,23557.16963754
1863,20190515.0.12,37,32,14940,2.8119,25179.0708708
1864,20190515.0.12,37,32,15120,2.93995,26088.07336938
1865,20190515.0.12,37,32,15300,2.99,27187.69622778
1866,20190515.0.12,41,36,14760,1.69,13183.08750198
1867,20190515.0.12,41,36,14940,1.7914,13300.57201176
1868,20190515.0.12,41,36,15120,1.77255,15120.517561380002
1869,20190515.0.12,41,36,15300,1.83885,15388.790523480002
1870,20190515.0.12,41,36,15480,1.9305,16359.697193400005
1871,20190515.0.12,41,36,15660,1.9994,16030.770697260004
1872,20190515.0.12,41,36,15840,2.1092500000000003,17143.07277276
1873,20190515.0.12,41,36,16020,2.17945,17684.13224952
1874,20190515.0.12,41,36,16200,2.2893,19129.05655848
1875,20190515.0.12,41,36,16380,2.36275,19099.586228580003
1876,20190515.0.12,41,36,16560,2.4219,20558.74061142
1877,20190515.0.12,41,36,16740,2.5551500000000003,21428.79539526
1878,20190515.0.12,41,36,16920,2.62405,23203.662098760004
1879,20190515.0.12,41,36,17100,2.6962,24687.7991019
1880,20190515.0.12,41,36,17280,2.8171000000000004,25890.1417665
1881,20190515.0.12,41,36,17460,2.89445,27140.51820348
1882,20190515.0.12,41,36,17640,3.0134,28165.82352408
1883,20190515.0.12,41,36,17820,3.0836,28998.0090477
1884,20190515.0.12,41,36,18000,3.26885,31095.57225258
1885,20190515.0.12,41,36,18180,3.315,33109.483245300005
1886,20190515.0.12,41,36,18360,3.575,34633.33889598
1887,20190515.0.12,41,36,18540,3.705,37294.04129022
1888,20190515.0.12,43,35,15480,1.8421,13108.26424842
1889,20190515.0.12,43,35,15660,1.9058,13410.77905728
1890,20190515.0.12,43,35,15840,2.015,14219.3331324
1891,20190515.0.12,43,35,16020,2.015,14458.99090284
1892,20190515.0.12,43,35,16200,2.15995,15651.057559500005
1893,20190515.0.12,43,35,16380,2.17295,15881.439459600002
1894,20190515.0.12,43,35,16560,2.275,17386.861530060003
1895,20190515.0.12,43,35,16740,2.3465000000000003,16961.74054146
1896,20190515.0.12,43,35,16920,2.47,18141.26420502
1897,20190515.0.12,43,35,17100,2.5519,18595.058838840003
1898,20190515.0.12,43,35,17280,2.665,19684.731320100003
1899,20190515.0.12,43,35,17460,2.74105,20747.1350988
1900,20190515.0.12,43,35,17640,2.86715,21817.10805714
1901,20190515.0.12,43,35,17820,3.05955,23620.30296318
1902,20190515.0.12,43,35,18000,3.12,25575.3844434
1903,20190515.0.12,43,35,18180,3.12,28334.90945736
1904,20190515.0.12,43,35,18360,3.1934500000000003,30109.295666340004
1905,20190515.0.12,43,35,18540,3.3208500000000005,33082.008525720004
1906,20190515.0.12,43,35,18720,3.45345,33520.24762218
1907,20190515.0.12,43,35,18900,3.51975,35598.27113964
1908,20190515.0.12,43,35,19080,3.705,37562.67990288
1909,20190515.0.12,43,35,19260,3.835,37725.48344466
1910,20190515.0.12,43,35,19440,3.965,40251.08212884
1911,20190515.0.12,44,35,15480,1.98445,14255.02398474
1912,20190515.0.12,44,35,15660,2.0319000000000003,15135.02487684
1913,20190515.0.12,44,35,15840,2.05725,15451.08661404
1914,20190515.0.12,44,35,16020,2.1768500000000004,15410.99151702
1915,20190515.0.12,44,35,16200,2.145,16638.09237684
1916,20190515.0.12,44,35,16380,2.1833500000000003,16059.016464480002
1917,20190515.0.12,44,35,16560,2.30035,17907.56256366
1918,20190515.0.12,44,35,16740,2.4167,17855.85896028
1919,20190515.0.12,44,35,16920,2.47,18454.69652202
1920,20190515.0.12,44,35,17100,2.6,18905.329901700003
1921,20190515.0.12,44,35,17280,2.6,20049.508537740003
1922,20190515.0.12,44,35,17460,2.73,21270.6726408
1923,20190515.0.12,44,35,17640,2.8600000000000003,23304.34825092
1924,20190515.0.12,44,35,17820,2.9295500000000003,22823.09843616
1925,20190515.0.12,44,35,18000,2.9978,23983.16154894
1926,20190515.0.12,44,35,18180,3.19085,25462.7588457
1927,20190515.0.12,44,35,18360,3.3189,25773.61713894
1928,20190515.0.12,44,35,18540,3.4489,27303.4393731
1929,20190515.0.12,44,35,18720,3.575,28389.249355500004
1930,20190515.0.12,44,35,18900,3.72515,30568.23442332
1931,20190515.0.12,44,35,19080,3.90715,31025.00631582
1932,20190515.0.12,44,35,19260,4.0404,32423.983047720005
1933,20190515.0.12,44,35,19440,4.1697500000000005,35183.97160938
1934,20190515.0.12,44,35,19620,4.3719,36076.00766022
1935,20190515.0.12,53,43,19620,2.02605,19487.81937168
1936,20190515.0.12,53,43,19800,2.1645,20967.559866000003
1937,20190515.0.12,53,43,19980,2.08,21627.788022720004
1938,20190515.0.12,53,43,20160,2.1073000000000004,23395.82185314
1939,20190515.0.12,53,43,20340,2.275,23945.68707102
1940,20190515.0.12,53,43,20520,2.2880000000000003,25053.8063688
1941,20190515.0.12,53,43,20700,2.35495,24930.4395186
1942,20190515.0.12,53,43,20880,2.4193,25848.174270600004
1943,20190515.0.12,53,43,21060,2.4765,26268.14350314
1944,20190515.0.12,53,43,21240,2.535,26687.27944278
1945,20190515.0.12,53,43,21420,2.67475,27862.203445560004
1946,20190515.0.12,53,43,21600,2.8028,28445.74837038
1947,20190515.0.12,53,43,21780,2.80735,29788.81345638
1948,20190515.0.12,53,43,21960,2.9302,30935.43129006
1949,20190515.0.12,53,43,22140,2.9965,32535.24002784
1950,20190515.0.12,53,43,22320,3.0628,33624.16572042
1951,20190515.0.12,53,43,22500,3.1278,35624.59684146
1952,20190515.0.12,53,43,22680,3.19735,35996.73052932
1953,20190515.0.12,53,43,22860,3.3241,37682.94783528001
1954,20190515.0.12,53,43,23040,3.4450000000000003,39602.5842663
1955,20190515.0.12,54,43,19620,2.015,22067.71554636
1956,20190515.0.12,54,43,19800,2.015,22920.954132780003
1957,20190515.0.12,54,43,19980,2.1151,22707.64485594
1958,20190515.0.12,54,43,20160,2.2184500000000003,24589.64355012
1959,20190515.0.12,54,43,20340,2.24445,24534.24732198
1960,20190515.0.12,54,43,20520,2.2958000000000003,26252.88170868
1961,20190515.0.12,54,43,20700,2.34,25916.06979522
1962,20190515.0.12,54,43,20880,2.4869,27208.53616734
1963,20190515.0.12,54,43,21060,2.55125,27513.8630514
1964,20190515.0.12,54,43,21240,2.5623,27987.981547680003
1965,20190515.0.12,54,43,21420,2.73325,30038.34882708
1966,20190515.0.12,54,43,21600,2.7495,30663.4599414
1967,20190515.0.12,54,43,21780,2.8691,32244.40558944
1968,20190515.0.12,54,43,21960,2.9367,33708.97199142
1969,20190515.0.12,54,43,22140,3.055,35305.40824668
1970,20190515.0.12,54,43,22320,3.12,36547.28850168001
1971,20190515.0.12,54,43,22500,3.185,38548.87344198
1972,20190515.0.12,54,43,22680,3.185,39169.64656044
1973,20190515.0.12,54,43,22860,3.315,41055.38635374
1974,20190515.0.12,54,43,23040,3.4502,43217.56455984
